ISO-10303-21;
HEADER;
/* Generated by software containing ST-Developer
 * from STEP Tools, Inc. (www.steptools.com) 
 */

FILE_DESCRIPTION(
/* description */ (''),
/* implementation_level */ '2;1');

FILE_NAME(
/* name */ 'electronics box.step',
/* time_stamp */ '2026-09-30T23:09:20-04:00',
/* author */ (''),
/* organization */ (''),
/* preprocessor_version */ 'ST-DEVELOPER v20.2',
/* originating_system */ 'Autodesk Translation Framework v15.15.0.0',
/* authorisation */ '');

FILE_SCHEMA (('AUTOMOTIVE_DESIGN { 1 0 10303 214 3 1 1 }'));
ENDSEC;

DATA;
#10=MECHANICAL_DESIGN_GEOMETRIC_PRESENTATION_REPRESENTATION('',(#13,#14),
#4698);
#11=SHAPE_REPRESENTATION_RELATIONSHIP('SRR','None',#4704,#12);
#12=ADVANCED_BREP_SHAPE_REPRESENTATION('',(#15,#16),#4697);
#13=STYLED_ITEM('',(#4713),#15);
#14=STYLED_ITEM('',(#4713),#16);
#15=MANIFOLD_SOLID_BREP('Body1',#2748);
#16=MANIFOLD_SOLID_BREP('Body17',#2749);
#17=B_SPLINE_SURFACE_WITH_KNOTS('',3,3,((#4205,#4206,#4207,#4208,#4209),
(#4210,#4211,#4212,#4213,#4214),(#4215,#4216,#4217,#4218,#4219),(#4220,
#4221,#4222,#4223,#4224)),.UNSPECIFIED.,.F.,.F.,.F.,(4,4),(4,1,4),(0.,1.),
(-0.523598775598301,2.60902410786912E-15,0.523598775598306),
 .UNSPECIFIED.);
#18=B_SPLINE_SURFACE_WITH_KNOTS('',3,3,((#4232,#4233,#4234,#4235,#4236),
(#4237,#4238,#4239,#4240,#4241),(#4242,#4243,#4244,#4245,#4246),(#4247,
#4248,#4249,#4250,#4251)),.UNSPECIFIED.,.F.,.F.,.F.,(4,4),(4,1,4),(0.,1.),
(-0.523598775598304,-3.66373598126302E-15,0.523598775598297),
 .UNSPECIFIED.);
#19=B_SPLINE_SURFACE_WITH_KNOTS('',3,3,((#4258,#4259,#4260,#4261,#4262),
(#4263,#4264,#4265,#4266,#4267),(#4268,#4269,#4270,#4271,#4272),(#4273,
#4274,#4275,#4276,#4277)),.UNSPECIFIED.,.F.,.F.,.F.,(4,4),(4,1,4),(0.,1.),
(-0.523598775598292,5.44009282066327E-15,0.523598775598303),
 .UNSPECIFIED.);
#20=B_SPLINE_SURFACE_WITH_KNOTS('',3,3,((#4281,#4282,#4283,#4284,#4285),
(#4286,#4287,#4288,#4289,#4290),(#4291,#4292,#4293,#4294,#4295),(#4296,
#4297,#4298,#4299,#4300)),.UNSPECIFIED.,.F.,.F.,.F.,(4,4),(4,1,4),(0.,1.),
(-0.52359877559829,7.88258347483861E-15,0.523598775598306),
 .UNSPECIFIED.);
#21=TOROIDAL_SURFACE('',#2783,1.99999999999999,0.999999999999996);
#22=TOROIDAL_SURFACE('',#2786,1.99999999999999,0.999999999999996);
#23=TOROIDAL_SURFACE('',#2788,2.,0.999999999999996);
#24=TOROIDAL_SURFACE('',#2791,2.,0.999999999999996);
#25=TOROIDAL_SURFACE('',#2795,2.,0.999999999999996);
#26=TOROIDAL_SURFACE('',#2798,1.99999999999999,0.999999999999996);
#27=TOROIDAL_SURFACE('',#2801,1.99999999999999,0.999999999999996);
#28=TOROIDAL_SURFACE('',#2881,2.,0.999999999999996);
#29=TOROIDAL_SURFACE('',#2904,13.6003176669488,1.70053);
#30=CYLINDRICAL_SURFACE('',#2775,1.);
#31=CYLINDRICAL_SURFACE('',#2778,1.);
#32=CYLINDRICAL_SURFACE('',#2780,1.);
#33=CYLINDRICAL_SURFACE('',#2793,1.);
#34=CYLINDRICAL_SURFACE('',#2818,10.5);
#35=CYLINDRICAL_SURFACE('',#2827,46.6201632244134);
#36=CYLINDRICAL_SURFACE('',#2833,46.6201632244134);
#37=CYLINDRICAL_SURFACE('',#2837,12.075);
#38=CYLINDRICAL_SURFACE('',#2843,12.0099545);
#39=CYLINDRICAL_SURFACE('',#2844,12.0099545);
#40=CYLINDRICAL_SURFACE('',#2848,55.);
#41=CYLINDRICAL_SURFACE('',#2850,55.);
#42=CYLINDRICAL_SURFACE('',#2852,5.);
#43=CYLINDRICAL_SURFACE('',#2854,55.);
#44=CYLINDRICAL_SURFACE('',#2856,5.);
#45=CYLINDRICAL_SURFACE('',#2858,55.);
#46=CYLINDRICAL_SURFACE('',#2863,1.75);
#47=CYLINDRICAL_SURFACE('',#2864,1.75);
#48=CYLINDRICAL_SURFACE('',#2867,0.25);
#49=CYLINDRICAL_SURFACE('',#2872,0.25);
#50=CYLINDRICAL_SURFACE('',#2876,0.25);
#51=CYLINDRICAL_SURFACE('',#2879,0.25);
#52=CYLINDRICAL_SURFACE('',#2884,1.);
#53=CYLINDRICAL_SURFACE('',#2885,1.);
#54=CYLINDRICAL_SURFACE('',#2886,1.);
#55=CYLINDRICAL_SURFACE('',#2887,1.);
#56=CYLINDRICAL_SURFACE('',#2895,1.75);
#57=CYLINDRICAL_SURFACE('',#2896,1.75);
#58=CYLINDRICAL_SURFACE('',#2897,1.75000000000001);
#59=CYLINDRICAL_SURFACE('',#2898,1.75);
#60=CYLINDRICAL_SURFACE('',#2903,12.075);
#61=CYLINDRICAL_SURFACE('',#2906,12.0099545);
#62=CYLINDRICAL_SURFACE('',#2907,2.5);
#63=CYLINDRICAL_SURFACE('',#2915,2.5);
#64=CYLINDRICAL_SURFACE('',#2926,55.);
#65=CYLINDRICAL_SURFACE('',#2929,55.);
#66=CYLINDRICAL_SURFACE('',#2931,5.);
#67=CYLINDRICAL_SURFACE('',#2933,55.);
#68=CYLINDRICAL_SURFACE('',#2935,5.);
#69=CYLINDRICAL_SURFACE('',#2937,55.);
#70=CYLINDRICAL_SURFACE('',#2939,1.75);
#71=CYLINDRICAL_SURFACE('',#2942,1.75);
#72=CYLINDRICAL_SURFACE('',#2980,1.75000000000001);
#73=CYLINDRICAL_SURFACE('',#2982,1.75);
#74=CYLINDRICAL_SURFACE('',#2984,1.75);
#75=CYLINDRICAL_SURFACE('',#2986,1.75);
#76=ELLIPSE('',#2763,1.73205080756888,1.);
#77=ELLIPSE('',#2764,1.73205080756888,1.);
#78=ELLIPSE('',#2766,1.73205080756888,1.);
#79=ELLIPSE('',#2767,1.73205080756888,1.);
#80=ELLIPSE('',#2769,1.73205080756888,1.);
#81=ELLIPSE('',#2770,1.73205080756888,1.);
#82=ELLIPSE('',#2772,1.73205080756888,1.);
#83=ELLIPSE('',#2773,1.73205080756888,1.);
#84=ELLIPSE('',#2776,2.03100960115899,0.999999999999998);
#85=ELLIPSE('',#2779,2.03100960115899,1.);
#86=ELLIPSE('',#2871,2.03100960115899,0.999999999999998);
#87=ELLIPSE('',#2875,2.03100960115899,1.);
#88=B_SPLINE_CURVE_WITH_KNOTS('',3,(#3811,#3812,#3813,#3814,#3815,#3816,
#3817),.UNSPECIFIED.,.F.,.F.,(4,3,4),(0.999625767723654,1.00848843536908,
1.01873267458977),.UNSPECIFIED.);
#89=B_SPLINE_CURVE_WITH_KNOTS('',3,(#3828,#3829,#3830,#3831,#3832,#3833),
 .UNSPECIFIED.,.F.,.F.,(4,2,4),(0.,0.0629028780136944,0.0908461320650725),
 .UNSPECIFIED.);
#90=B_SPLINE_CURVE_WITH_KNOTS('',3,(#3837,#3838,#3839,#3840,#3841,#3842),
 .UNSPECIFIED.,.F.,.F.,(4,2,4),(0.464991911583227,0.492935165634605,0.5558380436483),
 .UNSPECIFIED.);
#91=B_SPLINE_CURVE_WITH_KNOTS('',3,(#3856,#3857,#3858,#3859,#3860,#3861),
 .UNSPECIFIED.,.F.,.F.,(4,2,4),(0.59097370115178,0.67464927015795,0.715966563938058),
 .UNSPECIFIED.);
#92=B_SPLINE_CURVE_WITH_KNOTS('',3,(#3865,#3866,#3867,#3868,#3869,#3870),
 .UNSPECIFIED.,.F.,.F.,(4,2,4),(0.46598598446696,0.507303278247068,0.590978847253237),
 .UNSPECIFIED.);
#93=B_SPLINE_CURVE_WITH_KNOTS('',3,(#3890,#3891,#3892,#3893,#3894,#3895),
 .UNSPECIFIED.,.F.,.F.,(4,2,4),(0.590978847253239,0.674654416259409,0.715971710039517),
 .UNSPECIFIED.);
#94=B_SPLINE_CURVE_WITH_KNOTS('',3,(#3899,#3900,#3901,#3902,#3903,#3904),
 .UNSPECIFIED.,.F.,.F.,(4,2,4),(-0.124992862786277,-0.0836755690061688,
0.),.UNSPECIFIED.);
#95=B_SPLINE_CURVE_WITH_KNOTS('',3,(#3915,#3916,#3917,#3918,#3919,#3920),
 .UNSPECIFIED.,.F.,.F.,(4,2,4),(0.555851845911864,0.618754723925563,0.646697977976943),
 .UNSPECIFIED.);
#96=B_SPLINE_CURVE_WITH_KNOTS('',3,(#3924,#3925,#3926,#3927,#3928,#3929),
 .UNSPECIFIED.,.F.,.F.,(4,2,4),(0.464991911583227,0.492935165634607,0.555838043648306),
 .UNSPECIFIED.);
#97=B_SPLINE_CURVE_WITH_KNOTS('',3,(#4042,#4043,#4044,#4045,#4046),
 .UNSPECIFIED.,.F.,.F.,(4,1,4),(-0.52359877559829,7.88258347483861E-15,
0.523598775598306),.UNSPECIFIED.);
#98=B_SPLINE_CURVE_WITH_KNOTS('',3,(#4050,#4051,#4052,#4053,#4054),
 .UNSPECIFIED.,.F.,.F.,(4,1,4),(-0.523598775598292,5.44009282066327E-15,
0.523598775598303),.UNSPECIFIED.);
#99=B_SPLINE_CURVE_WITH_KNOTS('',3,(#4058,#4059,#4060,#4061,#4062),
 .UNSPECIFIED.,.F.,.F.,(4,1,4),(-0.523598775598304,-3.66373598126302E-15,
0.523598775598297),.UNSPECIFIED.);
#100=B_SPLINE_CURVE_WITH_KNOTS('',3,(#4065,#4066,#4067,#4068,#4069),
 .UNSPECIFIED.,.F.,.F.,(4,1,4),(-0.523598775598301,2.60902410786912E-15,
0.523598775598306),.UNSPECIFIED.);
#101=B_SPLINE_CURVE_WITH_KNOTS('',3,(#4339,#4340,#4341,#4342,#4343,#4344,
#4345,#4346,#4347,#4348),.UNSPECIFIED.,.F.,.F.,(4,2,2,2,4),(0.0890016012069644,
0.0941896415806467,0.0994848273792613,0.104778949279097,0.109963779974553),
 .UNSPECIFIED.);
#102=FACE_BOUND('',#379,.T.);
#103=FACE_BOUND('',#380,.T.);
#104=FACE_BOUND('',#382,.T.);
#105=FACE_BOUND('',#404,.T.);
#106=FACE_BOUND('',#405,.T.);
#107=FACE_BOUND('',#406,.T.);
#108=FACE_BOUND('',#407,.T.);
#109=FACE_BOUND('',#408,.T.);
#110=FACE_BOUND('',#409,.T.);
#111=FACE_BOUND('',#435,.T.);
#112=FACE_BOUND('',#439,.T.);
#113=FACE_BOUND('',#456,.T.);
#114=FACE_BOUND('',#457,.T.);
#115=FACE_BOUND('',#458,.T.);
#116=FACE_BOUND('',#459,.T.);
#117=FACE_BOUND('',#460,.T.);
#118=FACE_BOUND('',#461,.T.);
#119=FACE_BOUND('',#476,.T.);
#120=FACE_BOUND('',#480,.T.);
#121=FACE_BOUND('',#481,.T.);
#122=FACE_BOUND('',#482,.T.);
#123=FACE_BOUND('',#484,.T.);
#124=FACE_BOUND('',#485,.T.);
#125=FACE_BOUND('',#487,.T.);
#126=FACE_BOUND('',#490,.T.);
#127=FACE_BOUND('',#491,.T.);
#128=FACE_BOUND('',#499,.T.);
#129=FACE_BOUND('',#500,.T.);
#130=FACE_BOUND('',#504,.T.);
#131=FACE_BOUND('',#513,.T.);
#132=FACE_BOUND('',#522,.T.);
#133=FACE_BOUND('',#535,.T.);
#134=FACE_BOUND('',#549,.T.);
#135=FACE_BOUND('',#550,.T.);
#136=FACE_BOUND('',#552,.T.);
#137=FACE_BOUND('',#553,.T.);
#138=FACE_BOUND('',#554,.T.);
#139=FACE_BOUND('',#555,.T.);
#140=CIRCLE('',#2753,55.);
#141=CIRCLE('',#2754,5.);
#142=CIRCLE('',#2755,55.);
#143=CIRCLE('',#2756,55.);
#144=CIRCLE('',#2757,5.);
#145=CIRCLE('',#2758,55.);
#146=CIRCLE('',#2759,1.75);
#147=CIRCLE('',#2760,1.75);
#148=CIRCLE('',#2781,0.999999999999996);
#149=CIRCLE('',#2782,0.999999999999996);
#150=CIRCLE('',#2784,1.99999999999999);
#151=CIRCLE('',#2785,0.999999999999996);
#152=CIRCLE('',#2787,1.99999999999999);
#153=CIRCLE('',#2789,0.999999999999996);
#154=CIRCLE('',#2790,2.);
#155=CIRCLE('',#2792,2.);
#156=CIRCLE('',#2794,1.);
#157=CIRCLE('',#2796,2.);
#158=CIRCLE('',#2797,0.999999999999996);
#159=CIRCLE('',#2799,0.999999999999996);
#160=CIRCLE('',#2800,1.99999999999999);
#161=CIRCLE('',#2802,1.99999999999999);
#162=CIRCLE('',#2807,12.075);
#163=CIRCLE('',#2808,46.6201632244134);
#164=CIRCLE('',#2809,12.0099545);
#165=CIRCLE('',#2810,12.0099545);
#166=CIRCLE('',#2811,12.0099545);
#167=CIRCLE('',#2812,46.6201632244134);
#168=CIRCLE('',#2813,1.75);
#169=CIRCLE('',#2814,1.75);
#170=CIRCLE('',#2815,1.75000000000001);
#171=CIRCLE('',#2816,1.75);
#172=CIRCLE('',#2817,10.5);
#173=CIRCLE('',#2819,10.5);
#174=CIRCLE('',#2821,12.0099545);
#175=CIRCLE('',#2822,46.6201632244134);
#176=CIRCLE('',#2823,12.075);
#177=CIRCLE('',#2824,12.075);
#178=CIRCLE('',#2825,12.0099545);
#179=CIRCLE('',#2829,12.075);
#180=CIRCLE('',#2830,12.075);
#181=CIRCLE('',#2831,46.6201632244134);
#182=CIRCLE('',#2832,12.0099545);
#183=CIRCLE('',#2835,12.075);
#184=CIRCLE('',#2836,12.075);
#185=CIRCLE('',#2846,12.075);
#186=CIRCLE('',#2849,55.);
#187=CIRCLE('',#2851,55.);
#188=CIRCLE('',#2853,5.);
#189=CIRCLE('',#2855,55.);
#190=CIRCLE('',#2857,5.);
#191=CIRCLE('',#2859,55.);
#192=CIRCLE('',#2862,1.75);
#193=CIRCLE('',#2865,1.75);
#194=CIRCLE('',#2868,0.250000000000012);
#195=CIRCLE('',#2869,0.250000000000004);
#196=CIRCLE('',#2870,0.250000000000004);
#197=CIRCLE('',#2873,0.250000000000004);
#198=CIRCLE('',#2874,0.250000000000004);
#199=CIRCLE('',#2877,0.250000000000004);
#200=CIRCLE('',#2878,0.250000000000004);
#201=CIRCLE('',#2880,0.250000000000004);
#202=CIRCLE('',#2882,0.999999999999996);
#203=CIRCLE('',#2883,2.);
#204=CIRCLE('',#2891,1.75);
#205=CIRCLE('',#2892,1.75000000000001);
#206=CIRCLE('',#2893,1.75);
#207=CIRCLE('',#2894,1.75);
#208=CIRCLE('',#2908,2.5);
#209=CIRCLE('',#2909,2.5);
#210=CIRCLE('',#2911,55.);
#211=CIRCLE('',#2912,5.);
#212=CIRCLE('',#2913,55.);
#213=CIRCLE('',#2914,1.75);
#214=CIRCLE('',#2916,2.5);
#215=CIRCLE('',#2917,2.5);
#216=CIRCLE('',#2922,55.);
#217=CIRCLE('',#2923,5.);
#218=CIRCLE('',#2924,55.);
#219=CIRCLE('',#2925,1.75);
#220=CIRCLE('',#2927,55.);
#221=CIRCLE('',#2930,55.);
#222=CIRCLE('',#2932,5.);
#223=CIRCLE('',#2934,55.);
#224=CIRCLE('',#2936,5.);
#225=CIRCLE('',#2938,55.);
#226=CIRCLE('',#2940,1.75);
#227=CIRCLE('',#2943,1.75);
#228=CIRCLE('',#2946,1.75000000000001);
#229=CIRCLE('',#2955,1.75);
#230=CIRCLE('',#2964,1.75);
#231=CIRCLE('',#2977,1.75);
#232=CIRCLE('',#2981,1.75000000000001);
#233=CIRCLE('',#2983,1.75);
#234=CIRCLE('',#2985,1.75);
#235=CIRCLE('',#2987,1.75);
#236=FACE_OUTER_BOUND('',#377,.T.);
#237=FACE_OUTER_BOUND('',#378,.T.);
#238=FACE_OUTER_BOUND('',#381,.T.);
#239=FACE_OUTER_BOUND('',#383,.T.);
#240=FACE_OUTER_BOUND('',#384,.T.);
#241=FACE_OUTER_BOUND('',#385,.T.);
#242=FACE_OUTER_BOUND('',#386,.T.);
#243=FACE_OUTER_BOUND('',#387,.T.);
#244=FACE_OUTER_BOUND('',#388,.T.);
#245=FACE_OUTER_BOUND('',#389,.T.);
#246=FACE_OUTER_BOUND('',#390,.T.);
#247=FACE_OUTER_BOUND('',#391,.T.);
#248=FACE_OUTER_BOUND('',#392,.T.);
#249=FACE_OUTER_BOUND('',#393,.T.);
#250=FACE_OUTER_BOUND('',#394,.T.);
#251=FACE_OUTER_BOUND('',#395,.T.);
#252=FACE_OUTER_BOUND('',#396,.T.);
#253=FACE_OUTER_BOUND('',#397,.T.);
#254=FACE_OUTER_BOUND('',#398,.T.);
#255=FACE_OUTER_BOUND('',#399,.T.);
#256=FACE_OUTER_BOUND('',#400,.T.);
#257=FACE_OUTER_BOUND('',#401,.T.);
#258=FACE_OUTER_BOUND('',#402,.T.);
#259=FACE_OUTER_BOUND('',#403,.T.);
#260=FACE_OUTER_BOUND('',#410,.T.);
#261=FACE_OUTER_BOUND('',#411,.T.);
#262=FACE_OUTER_BOUND('',#412,.T.);
#263=FACE_OUTER_BOUND('',#413,.T.);
#264=FACE_OUTER_BOUND('',#414,.T.);
#265=FACE_OUTER_BOUND('',#415,.T.);
#266=FACE_OUTER_BOUND('',#416,.T.);
#267=FACE_OUTER_BOUND('',#417,.T.);
#268=FACE_OUTER_BOUND('',#418,.T.);
#269=FACE_OUTER_BOUND('',#419,.T.);
#270=FACE_OUTER_BOUND('',#420,.T.);
#271=FACE_OUTER_BOUND('',#421,.T.);
#272=FACE_OUTER_BOUND('',#422,.T.);
#273=FACE_OUTER_BOUND('',#423,.T.);
#274=FACE_OUTER_BOUND('',#424,.T.);
#275=FACE_OUTER_BOUND('',#425,.T.);
#276=FACE_OUTER_BOUND('',#426,.T.);
#277=FACE_OUTER_BOUND('',#427,.T.);
#278=FACE_OUTER_BOUND('',#428,.T.);
#279=FACE_OUTER_BOUND('',#429,.T.);
#280=FACE_OUTER_BOUND('',#430,.T.);
#281=FACE_OUTER_BOUND('',#431,.T.);
#282=FACE_OUTER_BOUND('',#432,.T.);
#283=FACE_OUTER_BOUND('',#433,.T.);
#284=FACE_OUTER_BOUND('',#434,.T.);
#285=FACE_OUTER_BOUND('',#436,.T.);
#286=FACE_OUTER_BOUND('',#437,.T.);
#287=FACE_OUTER_BOUND('',#438,.T.);
#288=FACE_OUTER_BOUND('',#440,.T.);
#289=FACE_OUTER_BOUND('',#441,.T.);
#290=FACE_OUTER_BOUND('',#442,.T.);
#291=FACE_OUTER_BOUND('',#443,.T.);
#292=FACE_OUTER_BOUND('',#444,.T.);
#293=FACE_OUTER_BOUND('',#445,.T.);
#294=FACE_OUTER_BOUND('',#446,.T.);
#295=FACE_OUTER_BOUND('',#447,.T.);
#296=FACE_OUTER_BOUND('',#448,.T.);
#297=FACE_OUTER_BOUND('',#449,.T.);
#298=FACE_OUTER_BOUND('',#450,.T.);
#299=FACE_OUTER_BOUND('',#451,.T.);
#300=FACE_OUTER_BOUND('',#452,.T.);
#301=FACE_OUTER_BOUND('',#453,.T.);
#302=FACE_OUTER_BOUND('',#454,.T.);
#303=FACE_OUTER_BOUND('',#455,.T.);
#304=FACE_OUTER_BOUND('',#462,.T.);
#305=FACE_OUTER_BOUND('',#463,.T.);
#306=FACE_OUTER_BOUND('',#464,.T.);
#307=FACE_OUTER_BOUND('',#465,.T.);
#308=FACE_OUTER_BOUND('',#466,.T.);
#309=FACE_OUTER_BOUND('',#467,.T.);
#310=FACE_OUTER_BOUND('',#468,.T.);
#311=FACE_OUTER_BOUND('',#469,.T.);
#312=FACE_OUTER_BOUND('',#470,.T.);
#313=FACE_OUTER_BOUND('',#471,.T.);
#314=FACE_OUTER_BOUND('',#472,.T.);
#315=FACE_OUTER_BOUND('',#473,.T.);
#316=FACE_OUTER_BOUND('',#474,.T.);
#317=FACE_OUTER_BOUND('',#475,.T.);
#318=FACE_OUTER_BOUND('',#477,.T.);
#319=FACE_OUTER_BOUND('',#478,.T.);
#320=FACE_OUTER_BOUND('',#479,.T.);
#321=FACE_OUTER_BOUND('',#483,.T.);
#322=FACE_OUTER_BOUND('',#486,.T.);
#323=FACE_OUTER_BOUND('',#488,.T.);
#324=FACE_OUTER_BOUND('',#489,.T.);
#325=FACE_OUTER_BOUND('',#492,.T.);
#326=FACE_OUTER_BOUND('',#493,.T.);
#327=FACE_OUTER_BOUND('',#494,.T.);
#328=FACE_OUTER_BOUND('',#495,.T.);
#329=FACE_OUTER_BOUND('',#496,.T.);
#330=FACE_OUTER_BOUND('',#497,.T.);
#331=FACE_OUTER_BOUND('',#498,.T.);
#332=FACE_OUTER_BOUND('',#501,.T.);
#333=FACE_OUTER_BOUND('',#502,.T.);
#334=FACE_OUTER_BOUND('',#503,.T.);
#335=FACE_OUTER_BOUND('',#505,.T.);
#336=FACE_OUTER_BOUND('',#506,.T.);
#337=FACE_OUTER_BOUND('',#507,.T.);
#338=FACE_OUTER_BOUND('',#508,.T.);
#339=FACE_OUTER_BOUND('',#509,.T.);
#340=FACE_OUTER_BOUND('',#510,.T.);
#341=FACE_OUTER_BOUND('',#511,.T.);
#342=FACE_OUTER_BOUND('',#512,.T.);
#343=FACE_OUTER_BOUND('',#514,.T.);
#344=FACE_OUTER_BOUND('',#515,.T.);
#345=FACE_OUTER_BOUND('',#516,.T.);
#346=FACE_OUTER_BOUND('',#517,.T.);
#347=FACE_OUTER_BOUND('',#518,.T.);
#348=FACE_OUTER_BOUND('',#519,.T.);
#349=FACE_OUTER_BOUND('',#520,.T.);
#350=FACE_OUTER_BOUND('',#521,.T.);
#351=FACE_OUTER_BOUND('',#523,.T.);
#352=FACE_OUTER_BOUND('',#524,.T.);
#353=FACE_OUTER_BOUND('',#525,.T.);
#354=FACE_OUTER_BOUND('',#526,.T.);
#355=FACE_OUTER_BOUND('',#527,.T.);
#356=FACE_OUTER_BOUND('',#528,.T.);
#357=FACE_OUTER_BOUND('',#529,.T.);
#358=FACE_OUTER_BOUND('',#530,.T.);
#359=FACE_OUTER_BOUND('',#531,.T.);
#360=FACE_OUTER_BOUND('',#532,.T.);
#361=FACE_OUTER_BOUND('',#533,.T.);
#362=FACE_OUTER_BOUND('',#534,.T.);
#363=FACE_OUTER_BOUND('',#536,.T.);
#364=FACE_OUTER_BOUND('',#537,.T.);
#365=FACE_OUTER_BOUND('',#538,.T.);
#366=FACE_OUTER_BOUND('',#539,.T.);
#367=FACE_OUTER_BOUND('',#540,.T.);
#368=FACE_OUTER_BOUND('',#541,.T.);
#369=FACE_OUTER_BOUND('',#542,.T.);
#370=FACE_OUTER_BOUND('',#543,.T.);
#371=FACE_OUTER_BOUND('',#544,.T.);
#372=FACE_OUTER_BOUND('',#545,.T.);
#373=FACE_OUTER_BOUND('',#546,.T.);
#374=FACE_OUTER_BOUND('',#547,.T.);
#375=FACE_OUTER_BOUND('',#548,.T.);
#376=FACE_OUTER_BOUND('',#551,.T.);
#377=EDGE_LOOP('',(#1743,#1744,#1745,#1746));
#378=EDGE_LOOP('',(#1747,#1748,#1749,#1750,#1751,#1752,#1753,#1754,#1755,
#1756));
#379=EDGE_LOOP('',(#1757));
#380=EDGE_LOOP('',(#1758));
#381=EDGE_LOOP('',(#1759,#1760,#1761,#1762,#1763,#1764,#1765,#1766,#1767,
#1768,#1769,#1770));
#382=EDGE_LOOP('',(#1771,#1772));
#383=EDGE_LOOP('',(#1773,#1774,#1775,#1776,#1777,#1778,#1779,#1780,#1781,
#1782));
#384=EDGE_LOOP('',(#1783,#1784,#1785,#1786,#1787,#1788,#1789,#1790,#1791,
#1792));
#385=EDGE_LOOP('',(#1793,#1794,#1795,#1796,#1797,#1798,#1799,#1800,#1801,
#1802));
#386=EDGE_LOOP('',(#1803,#1804,#1805,#1806,#1807,#1808,#1809,#1810,#1811,
#1812));
#387=EDGE_LOOP('',(#1813,#1814,#1815,#1816));
#388=EDGE_LOOP('',(#1817,#1818,#1819,#1820,#1821));
#389=EDGE_LOOP('',(#1822,#1823,#1824,#1825));
#390=EDGE_LOOP('',(#1826,#1827,#1828,#1829,#1830));
#391=EDGE_LOOP('',(#1831,#1832,#1833,#1834));
#392=EDGE_LOOP('',(#1835,#1836,#1837));
#393=EDGE_LOOP('',(#1838,#1839,#1840));
#394=EDGE_LOOP('',(#1841,#1842,#1843));
#395=EDGE_LOOP('',(#1844,#1845,#1846));
#396=EDGE_LOOP('',(#1847,#1848,#1849,#1850));
#397=EDGE_LOOP('',(#1851,#1852,#1853));
#398=EDGE_LOOP('',(#1854,#1855,#1856));
#399=EDGE_LOOP('',(#1857,#1858,#1859));
#400=EDGE_LOOP('',(#1860,#1861,#1862,#1863));
#401=EDGE_LOOP('',(#1864,#1865,#1866,#1867));
#402=EDGE_LOOP('',(#1868,#1869,#1870,#1871));
#403=EDGE_LOOP('',(#1872,#1873,#1874,#1875,#1876,#1877,#1878,#1879,#1880,
#1881,#1882,#1883,#1884,#1885,#1886));
#404=EDGE_LOOP('',(#1887));
#405=EDGE_LOOP('',(#1888));
#406=EDGE_LOOP('',(#1889));
#407=EDGE_LOOP('',(#1890));
#408=EDGE_LOOP('',(#1891,#1892,#1893,#1894,#1895,#1896,#1897,#1898));
#409=EDGE_LOOP('',(#1899,#1900,#1901,#1902));
#410=EDGE_LOOP('',(#1903,#1904,#1905,#1906));
#411=EDGE_LOOP('',(#1907,#1908,#1909,#1910,#1911,#1912,#1913,#1914,#1915,
#1916,#1917,#1918));
#412=EDGE_LOOP('',(#1919,#1920,#1921,#1922));
#413=EDGE_LOOP('',(#1923,#1924,#1925,#1926));
#414=EDGE_LOOP('',(#1927,#1928,#1929,#1930,#1931,#1932,#1933,#1934));
#415=EDGE_LOOP('',(#1935,#1936,#1937,#1938));
#416=EDGE_LOOP('',(#1939,#1940,#1941,#1942));
#417=EDGE_LOOP('',(#1943,#1944,#1945,#1946,#1947,#1948,#1949,#1950));
#418=EDGE_LOOP('',(#1951,#1952,#1953,#1954));
#419=EDGE_LOOP('',(#1955,#1956,#1957,#1958));
#420=EDGE_LOOP('',(#1959,#1960,#1961,#1962));
#421=EDGE_LOOP('',(#1963,#1964,#1965,#1966));
#422=EDGE_LOOP('',(#1967,#1968,#1969,#1970));
#423=EDGE_LOOP('',(#1971,#1972,#1973,#1974));
#424=EDGE_LOOP('',(#1975,#1976,#1977,#1978));
#425=EDGE_LOOP('',(#1979,#1980,#1981,#1982,#1983));
#426=EDGE_LOOP('',(#1984,#1985,#1986,#1987,#1988,#1989,#1990,#1991,#1992,
#1993,#1994,#1995));
#427=EDGE_LOOP('',(#1996,#1997,#1998,#1999));
#428=EDGE_LOOP('',(#2000,#2001,#2002,#2003));
#429=EDGE_LOOP('',(#2004,#2005,#2006,#2007));
#430=EDGE_LOOP('',(#2008,#2009,#2010,#2011));
#431=EDGE_LOOP('',(#2012,#2013,#2014,#2015));
#432=EDGE_LOOP('',(#2016,#2017,#2018,#2019));
#433=EDGE_LOOP('',(#2020,#2021,#2022,#2023,#2024,#2025,#2026,#2027));
#434=EDGE_LOOP('',(#2028,#2029,#2030,#2031,#2032));
#435=EDGE_LOOP('',(#2033));
#436=EDGE_LOOP('',(#2034,#2035,#2036,#2037));
#437=EDGE_LOOP('',(#2038,#2039,#2040,#2041));
#438=EDGE_LOOP('',(#2042,#2043,#2044,#2045,#2046));
#439=EDGE_LOOP('',(#2047));
#440=EDGE_LOOP('',(#2048,#2049,#2050,#2051));
#441=EDGE_LOOP('',(#2052,#2053,#2054,#2055));
#442=EDGE_LOOP('',(#2056,#2057,#2058,#2059));
#443=EDGE_LOOP('',(#2060,#2061,#2062,#2063));
#444=EDGE_LOOP('',(#2064,#2065,#2066,#2067));
#445=EDGE_LOOP('',(#2068,#2069,#2070,#2071));
#446=EDGE_LOOP('',(#2072,#2073,#2074,#2075));
#447=EDGE_LOOP('',(#2076,#2077,#2078,#2079));
#448=EDGE_LOOP('',(#2080,#2081,#2082));
#449=EDGE_LOOP('',(#2083,#2084,#2085,#2086));
#450=EDGE_LOOP('',(#2087,#2088,#2089,#2090));
#451=EDGE_LOOP('',(#2091,#2092,#2093,#2094,#2095));
#452=EDGE_LOOP('',(#2096,#2097,#2098,#2099,#2100));
#453=EDGE_LOOP('',(#2101,#2102,#2103,#2104));
#454=EDGE_LOOP('',(#2105,#2106,#2107,#2108));
#455=EDGE_LOOP('',(#2109,#2110,#2111,#2112));
#456=EDGE_LOOP('',(#2113));
#457=EDGE_LOOP('',(#2114));
#458=EDGE_LOOP('',(#2115));
#459=EDGE_LOOP('',(#2116));
#460=EDGE_LOOP('',(#2117,#2118,#2119,#2120));
#461=EDGE_LOOP('',(#2121,#2122,#2123,#2124,#2125,#2126,#2127,#2128,#2129,
#2130,#2131,#2132,#2133,#2134,#2135,#2136,#2137,#2138,#2139,#2140));
#462=EDGE_LOOP('',(#2141,#2142,#2143,#2144));
#463=EDGE_LOOP('',(#2145,#2146,#2147,#2148));
#464=EDGE_LOOP('',(#2149,#2150,#2151,#2152));
#465=EDGE_LOOP('',(#2153,#2154,#2155,#2156));
#466=EDGE_LOOP('',(#2157,#2158,#2159,#2160));
#467=EDGE_LOOP('',(#2161,#2162,#2163,#2164));
#468=EDGE_LOOP('',(#2165,#2166,#2167,#2168));
#469=EDGE_LOOP('',(#2169,#2170));
#470=EDGE_LOOP('',(#2171,#2172,#2173,#2174,#2175,#2176,#2177,#2178));
#471=EDGE_LOOP('',(#2179,#2180));
#472=EDGE_LOOP('',(#2181,#2182,#2183,#2184));
#473=EDGE_LOOP('',(#2185,#2186,#2187,#2188));
#474=EDGE_LOOP('',(#2189,#2190,#2191,#2192));
#475=EDGE_LOOP('',(#2193,#2194,#2195,#2196,#2197));
#476=EDGE_LOOP('',(#2198));
#477=EDGE_LOOP('',(#2199,#2200,#2201,#2202));
#478=EDGE_LOOP('',(#2203,#2204,#2205,#2206,#2207,#2208,#2209,#2210));
#479=EDGE_LOOP('',(#2211,#2212,#2213,#2214,#2215,#2216,#2217,#2218));
#480=EDGE_LOOP('',(#2219));
#481=EDGE_LOOP('',(#2220));
#482=EDGE_LOOP('',(#2221,#2222,#2223,#2224));
#483=EDGE_LOOP('',(#2225,#2226,#2227,#2228,#2229,#2230,#2231,#2232));
#484=EDGE_LOOP('',(#2233));
#485=EDGE_LOOP('',(#2234));
#486=EDGE_LOOP('',(#2235,#2236,#2237,#2238,#2239));
#487=EDGE_LOOP('',(#2240));
#488=EDGE_LOOP('',(#2241,#2242,#2243,#2244));
#489=EDGE_LOOP('',(#2245,#2246,#2247,#2248,#2249,#2250));
#490=EDGE_LOOP('',(#2251,#2252,#2253,#2254));
#491=EDGE_LOOP('',(#2255,#2256,#2257,#2258));
#492=EDGE_LOOP('',(#2259,#2260,#2261,#2262));
#493=EDGE_LOOP('',(#2263,#2264,#2265,#2266));
#494=EDGE_LOOP('',(#2267,#2268,#2269,#2270));
#495=EDGE_LOOP('',(#2271,#2272,#2273,#2274));
#496=EDGE_LOOP('',(#2275,#2276,#2277,#2278));
#497=EDGE_LOOP('',(#2279,#2280,#2281,#2282));
#498=EDGE_LOOP('',(#2283,#2284,#2285,#2286,#2287,#2288));
#499=EDGE_LOOP('',(#2289,#2290,#2291,#2292));
#500=EDGE_LOOP('',(#2293,#2294,#2295,#2296));
#501=EDGE_LOOP('',(#2297,#2298,#2299,#2300));
#502=EDGE_LOOP('',(#2301,#2302,#2303,#2304));
#503=EDGE_LOOP('',(#2305,#2306,#2307,#2308,#2309,#2310,#2311));
#504=EDGE_LOOP('',(#2312));
#505=EDGE_LOOP('',(#2313,#2314,#2315,#2316,#2317,#2318,#2319));
#506=EDGE_LOOP('',(#2320,#2321,#2322,#2323));
#507=EDGE_LOOP('',(#2324,#2325,#2326,#2327));
#508=EDGE_LOOP('',(#2328,#2329,#2330,#2331));
#509=EDGE_LOOP('',(#2332,#2333,#2334,#2335));
#510=EDGE_LOOP('',(#2336,#2337,#2338,#2339));
#511=EDGE_LOOP('',(#2340,#2341,#2342,#2343));
#512=EDGE_LOOP('',(#2344,#2345,#2346,#2347,#2348,#2349,#2350));
#513=EDGE_LOOP('',(#2351));
#514=EDGE_LOOP('',(#2352,#2353,#2354,#2355,#2356,#2357,#2358));
#515=EDGE_LOOP('',(#2359,#2360,#2361,#2362));
#516=EDGE_LOOP('',(#2363,#2364,#2365,#2366));
#517=EDGE_LOOP('',(#2367,#2368,#2369,#2370));
#518=EDGE_LOOP('',(#2371,#2372,#2373,#2374));
#519=EDGE_LOOP('',(#2375,#2376,#2377,#2378));
#520=EDGE_LOOP('',(#2379,#2380,#2381,#2382));
#521=EDGE_LOOP('',(#2383,#2384,#2385,#2386,#2387,#2388,#2389));
#522=EDGE_LOOP('',(#2390));
#523=EDGE_LOOP('',(#2391,#2392,#2393,#2394,#2395,#2396,#2397));
#524=EDGE_LOOP('',(#2398,#2399,#2400,#2401));
#525=EDGE_LOOP('',(#2402,#2403,#2404,#2405));
#526=EDGE_LOOP('',(#2406,#2407,#2408,#2409));
#527=EDGE_LOOP('',(#2410,#2411,#2412,#2413));
#528=EDGE_LOOP('',(#2414,#2415,#2416,#2417));
#529=EDGE_LOOP('',(#2418,#2419,#2420,#2421,#2422,#2423,#2424));
#530=EDGE_LOOP('',(#2425,#2426,#2427,#2428));
#531=EDGE_LOOP('',(#2429,#2430,#2431,#2432));
#532=EDGE_LOOP('',(#2433,#2434,#2435,#2436));
#533=EDGE_LOOP('',(#2437,#2438,#2439,#2440));
#534=EDGE_LOOP('',(#2441,#2442,#2443,#2444,#2445,#2446,#2447));
#535=EDGE_LOOP('',(#2448));
#536=EDGE_LOOP('',(#2449,#2450,#2451,#2452));
#537=EDGE_LOOP('',(#2453,#2454,#2455,#2456));
#538=EDGE_LOOP('',(#2457,#2458,#2459,#2460));
#539=EDGE_LOOP('',(#2461,#2462,#2463,#2464));
#540=EDGE_LOOP('',(#2465,#2466,#2467,#2468));
#541=EDGE_LOOP('',(#2469,#2470,#2471,#2472));
#542=EDGE_LOOP('',(#2473,#2474,#2475,#2476));
#543=EDGE_LOOP('',(#2477,#2478,#2479,#2480));
#544=EDGE_LOOP('',(#2481,#2482,#2483,#2484));
#545=EDGE_LOOP('',(#2485,#2486,#2487,#2488));
#546=EDGE_LOOP('',(#2489,#2490,#2491,#2492));
#547=EDGE_LOOP('',(#2493,#2494,#2495,#2496,#2497,#2498,#2499,#2500));
#548=EDGE_LOOP('',(#2501,#2502,#2503,#2504,#2505,#2506,#2507,#2508,#2509,
#2510));
#549=EDGE_LOOP('',(#2511));
#550=EDGE_LOOP('',(#2512));
#551=EDGE_LOOP('',(#2513,#2514,#2515,#2516,#2517,#2518,#2519,#2520));
#552=EDGE_LOOP('',(#2521));
#553=EDGE_LOOP('',(#2522));
#554=EDGE_LOOP('',(#2523));
#555=EDGE_LOOP('',(#2524));
#556=LINE('',#3761,#825);
#557=LINE('',#3763,#826);
#558=LINE('',#3765,#827);
#559=LINE('',#3766,#828);
#560=LINE('',#3769,#829);
#561=LINE('',#3777,#830);
#562=LINE('',#3784,#831);
#563=LINE('',#3791,#832);
#564=LINE('',#3793,#833);
#565=LINE('',#3795,#834);
#566=LINE('',#3797,#835);
#567=LINE('',#3799,#836);
#568=LINE('',#3801,#837);
#569=LINE('',#3803,#838);
#570=LINE('',#3805,#839);
#571=LINE('',#3807,#840);
#572=LINE('',#3808,#841);
#573=LINE('',#3818,#842);
#574=LINE('',#3824,#843);
#575=LINE('',#3826,#844);
#576=LINE('',#3835,#845);
#577=LINE('',#3844,#846);
#578=LINE('',#3846,#847);
#579=LINE('',#3849,#848);
#580=LINE('',#3854,#849);
#581=LINE('',#3863,#850);
#582=LINE('',#3872,#851);
#583=LINE('',#3874,#852);
#584=LINE('',#3877,#853);
#585=LINE('',#3882,#854);
#586=LINE('',#3886,#855);
#587=LINE('',#3888,#856);
#588=LINE('',#3897,#857);
#589=LINE('',#3905,#858);
#590=LINE('',#3910,#859);
#591=LINE('',#3913,#860);
#592=LINE('',#3922,#861);
#593=LINE('',#3930,#862);
#594=LINE('',#3933,#863);
#595=LINE('',#3935,#864);
#596=LINE('',#3936,#865);
#597=LINE('',#3939,#866);
#598=LINE('',#3943,#867);
#599=LINE('',#3944,#868);
#600=LINE('',#3947,#869);
#601=LINE('',#3953,#870);
#602=LINE('',#3970,#871);
#603=LINE('',#3984,#872);
#604=LINE('',#3986,#873);
#605=LINE('',#3988,#874);
#606=LINE('',#3989,#875);
#607=LINE('',#3993,#876);
#608=LINE('',#3995,#877);
#609=LINE('',#3997,#878);
#610=LINE('',#3998,#879);
#611=LINE('',#4000,#880);
#612=LINE('',#4001,#881);
#613=LINE('',#4011,#882);
#614=LINE('',#4013,#883);
#615=LINE('',#4015,#884);
#616=LINE('',#4018,#885);
#617=LINE('',#4020,#886);
#618=LINE('',#4022,#887);
#619=LINE('',#4024,#888);
#620=LINE('',#4026,#889);
#621=LINE('',#4040,#890);
#622=LINE('',#4048,#891);
#623=LINE('',#4056,#892);
#624=LINE('',#4064,#893);
#625=LINE('',#4082,#894);
#626=LINE('',#4085,#895);
#627=LINE('',#4087,#896);
#628=LINE('',#4091,#897);
#629=LINE('',#4093,#898);
#630=LINE('',#4094,#899);
#631=LINE('',#4097,#900);
#632=LINE('',#4098,#901);
#633=LINE('',#4100,#902);
#634=LINE('',#4101,#903);
#635=LINE('',#4105,#904);
#636=LINE('',#4109,#905);
#637=LINE('',#4117,#906);
#638=LINE('',#4118,#907);
#639=LINE('',#4120,#908);
#640=LINE('',#4121,#909);
#641=LINE('',#4127,#910);
#642=LINE('',#4130,#911);
#643=LINE('',#4132,#912);
#644=LINE('',#4133,#913);
#645=LINE('',#4135,#914);
#646=LINE('',#4137,#915);
#647=LINE('',#4138,#916);
#648=LINE('',#4140,#917);
#649=LINE('',#4142,#918);
#650=LINE('',#4144,#919);
#651=LINE('',#4145,#920);
#652=LINE('',#4148,#921);
#653=LINE('',#4152,#922);
#654=LINE('',#4153,#923);
#655=LINE('',#4156,#924);
#656=LINE('',#4158,#925);
#657=LINE('',#4160,#926);
#658=LINE('',#4161,#927);
#659=LINE('',#4163,#928);
#660=LINE('',#4164,#929);
#661=LINE('',#4168,#930);
#662=LINE('',#4172,#931);
#663=LINE('',#4176,#932);
#664=LINE('',#4180,#933);
#665=LINE('',#4186,#934);
#666=LINE('',#4188,#935);
#667=LINE('',#4190,#936);
#668=LINE('',#4191,#937);
#669=LINE('',#4196,#938);
#670=LINE('',#4200,#939);
#671=LINE('',#4231,#940);
#672=LINE('',#4257,#941);
#673=LINE('',#4306,#942);
#674=LINE('',#4308,#943);
#675=LINE('',#4310,#944);
#676=LINE('',#4311,#945);
#677=LINE('',#4313,#946);
#678=LINE('',#4317,#947);
#679=LINE('',#4327,#948);
#680=LINE('',#4329,#949);
#681=LINE('',#4331,#950);
#682=LINE('',#4333,#951);
#683=LINE('',#4337,#952);
#684=LINE('',#4350,#953);
#685=LINE('',#4358,#954);
#686=LINE('',#4363,#955);
#687=LINE('',#4370,#956);
#688=LINE('',#4377,#957);
#689=LINE('',#4382,#958);
#690=LINE('',#4384,#959);
#691=LINE('',#4386,#960);
#692=LINE('',#4388,#961);
#693=LINE('',#4390,#962);
#694=LINE('',#4392,#963);
#695=LINE('',#4394,#964);
#696=LINE('',#4395,#965);
#697=LINE('',#4398,#966);
#698=LINE('',#4400,#967);
#699=LINE('',#4402,#968);
#700=LINE('',#4404,#969);
#701=LINE('',#4406,#970);
#702=LINE('',#4408,#971);
#703=LINE('',#4409,#972);
#704=LINE('',#4412,#973);
#705=LINE('',#4413,#974);
#706=LINE('',#4414,#975);
#707=LINE('',#4417,#976);
#708=LINE('',#4419,#977);
#709=LINE('',#4420,#978);
#710=LINE('',#4422,#979);
#711=LINE('',#4424,#980);
#712=LINE('',#4425,#981);
#713=LINE('',#4428,#982);
#714=LINE('',#4438,#983);
#715=LINE('',#4441,#984);
#716=LINE('',#4444,#985);
#717=LINE('',#4446,#986);
#718=LINE('',#4447,#987);
#719=LINE('',#4450,#988);
#720=LINE('',#4452,#989);
#721=LINE('',#4454,#990);
#722=LINE('',#4455,#991);
#723=LINE('',#4458,#992);
#724=LINE('',#4460,#993);
#725=LINE('',#4462,#994);
#726=LINE('',#4463,#995);
#727=LINE('',#4467,#996);
#728=LINE('',#4471,#997);
#729=LINE('',#4474,#998);
#730=LINE('',#4481,#999);
#731=LINE('',#4484,#1000);
#732=LINE('',#4488,#1001);
#733=LINE('',#4490,#1002);
#734=LINE('',#4491,#1003);
#735=LINE('',#4494,#1004);
#736=LINE('',#4496,#1005);
#737=LINE('',#4498,#1006);
#738=LINE('',#4499,#1007);
#739=LINE('',#4502,#1008);
#740=LINE('',#4504,#1009);
#741=LINE('',#4506,#1010);
#742=LINE('',#4507,#1011);
#743=LINE('',#4510,#1012);
#744=LINE('',#4514,#1013);
#745=LINE('',#4516,#1014);
#746=LINE('',#4517,#1015);
#747=LINE('',#4520,#1016);
#748=LINE('',#4522,#1017);
#749=LINE('',#4524,#1018);
#750=LINE('',#4526,#1019);
#751=LINE('',#4527,#1020);
#752=LINE('',#4532,#1021);
#753=LINE('',#4534,#1022);
#754=LINE('',#4536,#1023);
#755=LINE('',#4538,#1024);
#756=LINE('',#4539,#1025);
#757=LINE('',#4541,#1026);
#758=LINE('',#4543,#1027);
#759=LINE('',#4545,#1028);
#760=LINE('',#4547,#1029);
#761=LINE('',#4551,#1030);
#762=LINE('',#4553,#1031);
#763=LINE('',#4554,#1032);
#764=LINE('',#4557,#1033);
#765=LINE('',#4559,#1034);
#766=LINE('',#4561,#1035);
#767=LINE('',#4563,#1036);
#768=LINE('',#4564,#1037);
#769=LINE('',#4569,#1038);
#770=LINE('',#4571,#1039);
#771=LINE('',#4573,#1040);
#772=LINE('',#4575,#1041);
#773=LINE('',#4576,#1042);
#774=LINE('',#4578,#1043);
#775=LINE('',#4580,#1044);
#776=LINE('',#4582,#1045);
#777=LINE('',#4584,#1046);
#778=LINE('',#4588,#1047);
#779=LINE('',#4590,#1048);
#780=LINE('',#4591,#1049);
#781=LINE('',#4594,#1050);
#782=LINE('',#4596,#1051);
#783=LINE('',#4598,#1052);
#784=LINE('',#4600,#1053);
#785=LINE('',#4601,#1054);
#786=LINE('',#4606,#1055);
#787=LINE('',#4608,#1056);
#788=LINE('',#4610,#1057);
#789=LINE('',#4612,#1058);
#790=LINE('',#4613,#1059);
#791=LINE('',#4615,#1060);
#792=LINE('',#4617,#1061);
#793=LINE('',#4619,#1062);
#794=LINE('',#4621,#1063);
#795=LINE('',#4625,#1064);
#796=LINE('',#4627,#1065);
#797=LINE('',#4629,#1066);
#798=LINE('',#4631,#1067);
#799=LINE('',#4633,#1068);
#800=LINE('',#4634,#1069);
#801=LINE('',#4637,#1070);
#802=LINE('',#4638,#1071);
#803=LINE('',#4641,#1072);
#804=LINE('',#4642,#1073);
#805=LINE('',#4645,#1074);
#806=LINE('',#4646,#1075);
#807=LINE('',#4649,#1076);
#808=LINE('',#4650,#1077);
#809=LINE('',#4653,#1078);
#810=LINE('',#4654,#1079);
#811=LINE('',#4658,#1080);
#812=LINE('',#4663,#1081);
#813=LINE('',#4667,#1082);
#814=LINE('',#4671,#1083);
#815=LINE('',#4675,#1084);
#816=LINE('',#4677,#1085);
#817=LINE('',#4678,#1086);
#818=LINE('',#4683,#1087);
#819=LINE('',#4684,#1088);
#820=LINE('',#4687,#1089);
#821=LINE('',#4688,#1090);
#822=LINE('',#4690,#1091);
#823=LINE('',#4691,#1092);
#824=LINE('',#4692,#1093);
#825=VECTOR('',#3000,10.);
#826=VECTOR('',#3001,10.);
#827=VECTOR('',#3002,10.);
#828=VECTOR('',#3003,10.);
#829=VECTOR('',#3006,10.);
#830=VECTOR('',#3013,10.);
#831=VECTOR('',#3020,10.);
#832=VECTOR('',#3027,10.);
#833=VECTOR('',#3028,10.);
#834=VECTOR('',#3029,10.);
#835=VECTOR('',#3030,10.);
#836=VECTOR('',#3031,10.);
#837=VECTOR('',#3032,10.);
#838=VECTOR('',#3033,10.);
#839=VECTOR('',#3034,10.);
#840=VECTOR('',#3035,10.);
#841=VECTOR('',#3036,10.);
#842=VECTOR('',#3037,10.);
#843=VECTOR('',#3042,10.);
#844=VECTOR('',#3043,10.);
#845=VECTOR('',#3044,10.);
#846=VECTOR('',#3045,10.);
#847=VECTOR('',#3046,10.);
#848=VECTOR('',#3049,10.);
#849=VECTOR('',#3054,10.);
#850=VECTOR('',#3055,10.);
#851=VECTOR('',#3056,10.);
#852=VECTOR('',#3057,10.);
#853=VECTOR('',#3060,10.);
#854=VECTOR('',#3065,10.);
#855=VECTOR('',#3068,10.);
#856=VECTOR('',#3069,10.);
#857=VECTOR('',#3070,10.);
#858=VECTOR('',#3071,10.);
#859=VECTOR('',#3076,10.);
#860=VECTOR('',#3079,10.);
#861=VECTOR('',#3080,10.);
#862=VECTOR('',#3081,10.);
#863=VECTOR('',#3084,10.);
#864=VECTOR('',#3085,10.);
#865=VECTOR('',#3086,10.);
#866=VECTOR('',#3089,10.);
#867=VECTOR('',#3094,10.);
#868=VECTOR('',#3095,10.);
#869=VECTOR('',#3098,10.);
#870=VECTOR('',#3105,10.);
#871=VECTOR('',#3132,10.);
#872=VECTOR('',#3151,10.);
#873=VECTOR('',#3152,10.);
#874=VECTOR('',#3153,10.);
#875=VECTOR('',#3154,10.);
#876=VECTOR('',#3157,10.);
#877=VECTOR('',#3158,10.);
#878=VECTOR('',#3159,10.);
#879=VECTOR('',#3160,10.);
#880=VECTOR('',#3163,10.);
#881=VECTOR('',#3164,10.);
#882=VECTOR('',#3173,10.);
#883=VECTOR('',#3174,10.);
#884=VECTOR('',#3175,10.);
#885=VECTOR('',#3178,10.);
#886=VECTOR('',#3179,10.);
#887=VECTOR('',#3180,10.);
#888=VECTOR('',#3181,10.);
#889=VECTOR('',#3182,10.);
#890=VECTOR('',#3195,10.);
#891=VECTOR('',#3196,10.);
#892=VECTOR('',#3197,10.);
#893=VECTOR('',#3198,10.);
#894=VECTOR('',#3213,10.);
#895=VECTOR('',#3216,10.);
#896=VECTOR('',#3217,10.);
#897=VECTOR('',#3220,10.);
#898=VECTOR('',#3221,10.);
#899=VECTOR('',#3222,10.);
#900=VECTOR('',#3225,10.);
#901=VECTOR('',#3226,10.);
#902=VECTOR('',#3229,10.);
#903=VECTOR('',#3230,10.);
#904=VECTOR('',#3233,10.);
#905=VECTOR('',#3236,10.);
#906=VECTOR('',#3243,10.);
#907=VECTOR('',#3244,10.);
#908=VECTOR('',#3247,10.);
#909=VECTOR('',#3248,1030.);
#910=VECTOR('',#3253,10.);
#911=VECTOR('',#3256,10.);
#912=VECTOR('',#3259,10.);
#913=VECTOR('',#3260,10.);
#914=VECTOR('',#3263,10.);
#915=VECTOR('',#3266,10.);
#916=VECTOR('',#3267,10.);
#917=VECTOR('',#3270,10.);
#918=VECTOR('',#3273,10.);
#919=VECTOR('',#3276,10.);
#920=VECTOR('',#3277,10.);
#921=VECTOR('',#3282,10.);
#922=VECTOR('',#3285,10.);
#923=VECTOR('',#3286,10.);
#924=VECTOR('',#3291,10.);
#925=VECTOR('',#3292,10.);
#926=VECTOR('',#3293,10.);
#927=VECTOR('',#3294,10.);
#928=VECTOR('',#3295,10.);
#929=VECTOR('',#3296,10.);
#930=VECTOR('',#3301,10.);
#931=VECTOR('',#3306,10.);
#932=VECTOR('',#3311,10.);
#933=VECTOR('',#3316,10.);
#934=VECTOR('',#3325,10.);
#935=VECTOR('',#3328,10.);
#936=VECTOR('',#3329,10.);
#937=VECTOR('',#3330,10.);
#938=VECTOR('',#3337,1.75);
#939=VECTOR('',#3342,1.75);
#940=VECTOR('',#3359,10.);
#941=VECTOR('',#3368,10.);
#942=VECTOR('',#3383,10.);
#943=VECTOR('',#3386,10.);
#944=VECTOR('',#3389,10.);
#945=VECTOR('',#3390,10.);
#946=VECTOR('',#3393,10.);
#947=VECTOR('',#3400,10.);
#948=VECTOR('',#3411,1.75);
#949=VECTOR('',#3414,1.75);
#950=VECTOR('',#3417,1.75000000000001);
#951=VECTOR('',#3420,1.75);
#952=VECTOR('',#3427,10.);
#953=VECTOR('',#3432,10.);
#954=VECTOR('',#3443,2.5);
#955=VECTOR('',#3448,10.);
#956=VECTOR('',#3455,10.);
#957=VECTOR('',#3462,2.5);
#958=VECTOR('',#3467,10.);
#959=VECTOR('',#3468,10.);
#960=VECTOR('',#3469,10.);
#961=VECTOR('',#3470,10.);
#962=VECTOR('',#3471,10.);
#963=VECTOR('',#3472,10.);
#964=VECTOR('',#3473,10.);
#965=VECTOR('',#3474,10.);
#966=VECTOR('',#3477,10.);
#967=VECTOR('',#3478,10.);
#968=VECTOR('',#3479,10.);
#969=VECTOR('',#3480,10.);
#970=VECTOR('',#3481,10.);
#971=VECTOR('',#3482,10.);
#972=VECTOR('',#3483,10.);
#973=VECTOR('',#3484,10.);
#974=VECTOR('',#3485,10.);
#975=VECTOR('',#3486,10.);
#976=VECTOR('',#3489,10.);
#977=VECTOR('',#3490,10.);
#978=VECTOR('',#3491,10.);
#979=VECTOR('',#3492,10.);
#980=VECTOR('',#3493,10.);
#981=VECTOR('',#3494,10.);
#982=VECTOR('',#3497,10.);
#983=VECTOR('',#3508,10.);
#984=VECTOR('',#3511,10.);
#985=VECTOR('',#3514,10.);
#986=VECTOR('',#3515,10.);
#987=VECTOR('',#3516,10.);
#988=VECTOR('',#3517,10.);
#989=VECTOR('',#3518,10.);
#990=VECTOR('',#3519,10.);
#991=VECTOR('',#3520,10.);
#992=VECTOR('',#3521,10.);
#993=VECTOR('',#3522,10.);
#994=VECTOR('',#3523,10.);
#995=VECTOR('',#3524,10.);
#996=VECTOR('',#3529,10.);
#997=VECTOR('',#3534,10.);
#998=VECTOR('',#3537,10.);
#999=VECTOR('',#3548,10.);
#1000=VECTOR('',#3551,1.75);
#1001=VECTOR('',#3556,10.);
#1002=VECTOR('',#3557,10.);
#1003=VECTOR('',#3558,10.);
#1004=VECTOR('',#3559,10.);
#1005=VECTOR('',#3560,10.);
#1006=VECTOR('',#3561,10.);
#1007=VECTOR('',#3562,10.);
#1008=VECTOR('',#3563,10.);
#1009=VECTOR('',#3564,10.);
#1010=VECTOR('',#3565,10.);
#1011=VECTOR('',#3566,10.);
#1012=VECTOR('',#3569,1.75);
#1013=VECTOR('',#3574,10.);
#1014=VECTOR('',#3575,10.);
#1015=VECTOR('',#3576,10.);
#1016=VECTOR('',#3579,10.);
#1017=VECTOR('',#3580,10.);
#1018=VECTOR('',#3581,10.);
#1019=VECTOR('',#3582,10.);
#1020=VECTOR('',#3583,10.);
#1021=VECTOR('',#3588,10.);
#1022=VECTOR('',#3589,10.);
#1023=VECTOR('',#3590,10.);
#1024=VECTOR('',#3591,10.);
#1025=VECTOR('',#3592,10.);
#1026=VECTOR('',#3595,10.);
#1027=VECTOR('',#3598,10.);
#1028=VECTOR('',#3601,10.);
#1029=VECTOR('',#3604,10.);
#1030=VECTOR('',#3609,10.);
#1031=VECTOR('',#3610,10.);
#1032=VECTOR('',#3611,10.);
#1033=VECTOR('',#3614,10.);
#1034=VECTOR('',#3615,10.);
#1035=VECTOR('',#3616,10.);
#1036=VECTOR('',#3617,10.);
#1037=VECTOR('',#3618,10.);
#1038=VECTOR('',#3623,10.);
#1039=VECTOR('',#3624,10.);
#1040=VECTOR('',#3625,10.);
#1041=VECTOR('',#3626,10.);
#1042=VECTOR('',#3627,10.);
#1043=VECTOR('',#3630,10.);
#1044=VECTOR('',#3633,10.);
#1045=VECTOR('',#3636,10.);
#1046=VECTOR('',#3639,10.);
#1047=VECTOR('',#3644,10.);
#1048=VECTOR('',#3645,10.);
#1049=VECTOR('',#3646,10.);
#1050=VECTOR('',#3649,10.);
#1051=VECTOR('',#3650,10.);
#1052=VECTOR('',#3651,10.);
#1053=VECTOR('',#3652,10.);
#1054=VECTOR('',#3653,10.);
#1055=VECTOR('',#3658,10.);
#1056=VECTOR('',#3659,10.);
#1057=VECTOR('',#3660,10.);
#1058=VECTOR('',#3661,10.);
#1059=VECTOR('',#3662,10.);
#1060=VECTOR('',#3665,10.);
#1061=VECTOR('',#3668,10.);
#1062=VECTOR('',#3671,10.);
#1063=VECTOR('',#3674,10.);
#1064=VECTOR('',#3679,10.);
#1065=VECTOR('',#3680,10.);
#1066=VECTOR('',#3681,10.);
#1067=VECTOR('',#3682,10.);
#1068=VECTOR('',#3683,10.);
#1069=VECTOR('',#3684,10.);
#1070=VECTOR('',#3687,10.);
#1071=VECTOR('',#3688,10.);
#1072=VECTOR('',#3691,10.);
#1073=VECTOR('',#3692,10.);
#1074=VECTOR('',#3695,10.);
#1075=VECTOR('',#3696,10.);
#1076=VECTOR('',#3699,10.);
#1077=VECTOR('',#3700,10.);
#1078=VECTOR('',#3703,10.);
#1079=VECTOR('',#3704,10.);
#1080=VECTOR('',#3709,10.);
#1081=VECTOR('',#3716,1.75000000000001);
#1082=VECTOR('',#3721,1.75);
#1083=VECTOR('',#3726,1.75);
#1084=VECTOR('',#3731,1.75);
#1085=VECTOR('',#3734,10.);
#1086=VECTOR('',#3735,10.);
#1087=VECTOR('',#3742,10.);
#1088=VECTOR('',#3743,10.);
#1089=VECTOR('',#3746,10.);
#1090=VECTOR('',#3747,10.);
#1091=VECTOR('',#3750,10.);
#1092=VECTOR('',#3751,10.);
#1093=VECTOR('',#3752,10.);
#1094=VERTEX_POINT('',#3759);
#1095=VERTEX_POINT('',#3760);
#1096=VERTEX_POINT('',#3762);
#1097=VERTEX_POINT('',#3764);
#1098=VERTEX_POINT('',#3768);
#1099=VERTEX_POINT('',#3770);
#1100=VERTEX_POINT('',#3772);
#1101=VERTEX_POINT('',#3774);
#1102=VERTEX_POINT('',#3776);
#1103=VERTEX_POINT('',#3778);
#1104=VERTEX_POINT('',#3780);
#1105=VERTEX_POINT('',#3782);
#1106=VERTEX_POINT('',#3785);
#1107=VERTEX_POINT('',#3787);
#1108=VERTEX_POINT('',#3790);
#1109=VERTEX_POINT('',#3792);
#1110=VERTEX_POINT('',#3794);
#1111=VERTEX_POINT('',#3796);
#1112=VERTEX_POINT('',#3798);
#1113=VERTEX_POINT('',#3800);
#1114=VERTEX_POINT('',#3802);
#1115=VERTEX_POINT('',#3804);
#1116=VERTEX_POINT('',#3806);
#1117=VERTEX_POINT('',#3809);
#1118=VERTEX_POINT('',#3810);
#1119=VERTEX_POINT('',#3820);
#1120=VERTEX_POINT('',#3821);
#1121=VERTEX_POINT('',#3823);
#1122=VERTEX_POINT('',#3825);
#1123=VERTEX_POINT('',#3827);
#1124=VERTEX_POINT('',#3834);
#1125=VERTEX_POINT('',#3836);
#1126=VERTEX_POINT('',#3843);
#1127=VERTEX_POINT('',#3845);
#1128=VERTEX_POINT('',#3847);
#1129=VERTEX_POINT('',#3851);
#1130=VERTEX_POINT('',#3853);
#1131=VERTEX_POINT('',#3855);
#1132=VERTEX_POINT('',#3862);
#1133=VERTEX_POINT('',#3864);
#1134=VERTEX_POINT('',#3871);
#1135=VERTEX_POINT('',#3873);
#1136=VERTEX_POINT('',#3875);
#1137=VERTEX_POINT('',#3879);
#1138=VERTEX_POINT('',#3881);
#1139=VERTEX_POINT('',#3883);
#1140=VERTEX_POINT('',#3885);
#1141=VERTEX_POINT('',#3887);
#1142=VERTEX_POINT('',#3889);
#1143=VERTEX_POINT('',#3896);
#1144=VERTEX_POINT('',#3898);
#1145=VERTEX_POINT('',#3907);
#1146=VERTEX_POINT('',#3909);
#1147=VERTEX_POINT('',#3912);
#1148=VERTEX_POINT('',#3914);
#1149=VERTEX_POINT('',#3921);
#1150=VERTEX_POINT('',#3923);
#1151=VERTEX_POINT('',#3932);
#1152=VERTEX_POINT('',#3934);
#1153=VERTEX_POINT('',#3938);
#1154=VERTEX_POINT('',#3942);
#1155=VERTEX_POINT('',#3946);
#1156=VERTEX_POINT('',#3950);
#1157=VERTEX_POINT('',#3952);
#1158=VERTEX_POINT('',#3956);
#1159=VERTEX_POINT('',#3962);
#1160=VERTEX_POINT('',#3968);
#1161=VERTEX_POINT('',#3972);
#1162=VERTEX_POINT('',#3976);
#1163=VERTEX_POINT('',#3982);
#1164=VERTEX_POINT('',#3983);
#1165=VERTEX_POINT('',#3985);
#1166=VERTEX_POINT('',#3987);
#1167=VERTEX_POINT('',#3991);
#1168=VERTEX_POINT('',#3992);
#1169=VERTEX_POINT('',#3994);
#1170=VERTEX_POINT('',#3996);
#1171=VERTEX_POINT('',#4003);
#1172=VERTEX_POINT('',#4004);
#1173=VERTEX_POINT('',#4006);
#1174=VERTEX_POINT('',#4008);
#1175=VERTEX_POINT('',#4010);
#1176=VERTEX_POINT('',#4012);
#1177=VERTEX_POINT('',#4014);
#1178=VERTEX_POINT('',#4016);
#1179=VERTEX_POINT('',#4019);
#1180=VERTEX_POINT('',#4021);
#1181=VERTEX_POINT('',#4023);
#1182=VERTEX_POINT('',#4025);
#1183=VERTEX_POINT('',#4027);
#1184=VERTEX_POINT('',#4030);
#1185=VERTEX_POINT('',#4032);
#1186=VERTEX_POINT('',#4034);
#1187=VERTEX_POINT('',#4036);
#1188=VERTEX_POINT('',#4038);
#1189=VERTEX_POINT('',#4039);
#1190=VERTEX_POINT('',#4041);
#1191=VERTEX_POINT('',#4047);
#1192=VERTEX_POINT('',#4049);
#1193=VERTEX_POINT('',#4055);
#1194=VERTEX_POINT('',#4057);
#1195=VERTEX_POINT('',#4063);
#1196=VERTEX_POINT('',#4074);
#1197=VERTEX_POINT('',#4075);
#1198=VERTEX_POINT('',#4077);
#1199=VERTEX_POINT('',#4079);
#1200=VERTEX_POINT('',#4081);
#1201=VERTEX_POINT('',#4083);
#1202=VERTEX_POINT('',#4086);
#1203=VERTEX_POINT('',#4088);
#1204=VERTEX_POINT('',#4090);
#1205=VERTEX_POINT('',#4092);
#1206=VERTEX_POINT('',#4096);
#1207=VERTEX_POINT('',#4103);
#1208=VERTEX_POINT('',#4104);
#1209=VERTEX_POINT('',#4106);
#1210=VERTEX_POINT('',#4108);
#1211=VERTEX_POINT('',#4110);
#1212=VERTEX_POINT('',#4112);
#1213=VERTEX_POINT('',#4114);
#1214=VERTEX_POINT('',#4116);
#1215=VERTEX_POINT('',#4123);
#1216=VERTEX_POINT('',#4124);
#1217=VERTEX_POINT('',#4126);
#1218=VERTEX_POINT('',#4128);
#1219=VERTEX_POINT('',#4150);
#1220=VERTEX_POINT('',#4151);
#1221=VERTEX_POINT('',#4157);
#1222=VERTEX_POINT('',#4159);
#1223=VERTEX_POINT('',#4162);
#1224=VERTEX_POINT('',#4166);
#1225=VERTEX_POINT('',#4170);
#1226=VERTEX_POINT('',#4174);
#1227=VERTEX_POINT('',#4178);
#1228=VERTEX_POINT('',#4184);
#1229=VERTEX_POINT('',#4189);
#1230=VERTEX_POINT('',#4193);
#1231=VERTEX_POINT('',#4198);
#1232=VERTEX_POINT('',#4225);
#1233=VERTEX_POINT('',#4229);
#1234=VERTEX_POINT('',#4252);
#1235=VERTEX_POINT('',#4302);
#1236=VERTEX_POINT('',#4318);
#1237=VERTEX_POINT('',#4320);
#1238=VERTEX_POINT('',#4322);
#1239=VERTEX_POINT('',#4324);
#1240=VERTEX_POINT('',#4355);
#1241=VERTEX_POINT('',#4357);
#1242=VERTEX_POINT('',#4361);
#1243=VERTEX_POINT('',#4362);
#1244=VERTEX_POINT('',#4364);
#1245=VERTEX_POINT('',#4366);
#1246=VERTEX_POINT('',#4368);
#1247=VERTEX_POINT('',#4371);
#1248=VERTEX_POINT('',#4374);
#1249=VERTEX_POINT('',#4376);
#1250=VERTEX_POINT('',#4380);
#1251=VERTEX_POINT('',#4381);
#1252=VERTEX_POINT('',#4383);
#1253=VERTEX_POINT('',#4385);
#1254=VERTEX_POINT('',#4387);
#1255=VERTEX_POINT('',#4389);
#1256=VERTEX_POINT('',#4391);
#1257=VERTEX_POINT('',#4393);
#1258=VERTEX_POINT('',#4397);
#1259=VERTEX_POINT('',#4399);
#1260=VERTEX_POINT('',#4401);
#1261=VERTEX_POINT('',#4403);
#1262=VERTEX_POINT('',#4405);
#1263=VERTEX_POINT('',#4407);
#1264=VERTEX_POINT('',#4410);
#1265=VERTEX_POINT('',#4411);
#1266=VERTEX_POINT('',#4416);
#1267=VERTEX_POINT('',#4418);
#1268=VERTEX_POINT('',#4421);
#1269=VERTEX_POINT('',#4423);
#1270=VERTEX_POINT('',#4427);
#1271=VERTEX_POINT('',#4429);
#1272=VERTEX_POINT('',#4431);
#1273=VERTEX_POINT('',#4434);
#1274=VERTEX_POINT('',#4437);
#1275=VERTEX_POINT('',#4439);
#1276=VERTEX_POINT('',#4443);
#1277=VERTEX_POINT('',#4445);
#1278=VERTEX_POINT('',#4448);
#1279=VERTEX_POINT('',#4449);
#1280=VERTEX_POINT('',#4451);
#1281=VERTEX_POINT('',#4453);
#1282=VERTEX_POINT('',#4456);
#1283=VERTEX_POINT('',#4457);
#1284=VERTEX_POINT('',#4459);
#1285=VERTEX_POINT('',#4461);
#1286=VERTEX_POINT('',#4465);
#1287=VERTEX_POINT('',#4469);
#1288=VERTEX_POINT('',#4473);
#1289=VERTEX_POINT('',#4479);
#1290=VERTEX_POINT('',#4483);
#1291=VERTEX_POINT('',#4487);
#1292=VERTEX_POINT('',#4489);
#1293=VERTEX_POINT('',#4492);
#1294=VERTEX_POINT('',#4493);
#1295=VERTEX_POINT('',#4495);
#1296=VERTEX_POINT('',#4497);
#1297=VERTEX_POINT('',#4500);
#1298=VERTEX_POINT('',#4501);
#1299=VERTEX_POINT('',#4503);
#1300=VERTEX_POINT('',#4505);
#1301=VERTEX_POINT('',#4509);
#1302=VERTEX_POINT('',#4513);
#1303=VERTEX_POINT('',#4515);
#1304=VERTEX_POINT('',#4519);
#1305=VERTEX_POINT('',#4521);
#1306=VERTEX_POINT('',#4523);
#1307=VERTEX_POINT('',#4525);
#1308=VERTEX_POINT('',#4528);
#1309=VERTEX_POINT('',#4531);
#1310=VERTEX_POINT('',#4533);
#1311=VERTEX_POINT('',#4535);
#1312=VERTEX_POINT('',#4537);
#1313=VERTEX_POINT('',#4550);
#1314=VERTEX_POINT('',#4552);
#1315=VERTEX_POINT('',#4556);
#1316=VERTEX_POINT('',#4558);
#1317=VERTEX_POINT('',#4560);
#1318=VERTEX_POINT('',#4562);
#1319=VERTEX_POINT('',#4565);
#1320=VERTEX_POINT('',#4568);
#1321=VERTEX_POINT('',#4570);
#1322=VERTEX_POINT('',#4572);
#1323=VERTEX_POINT('',#4574);
#1324=VERTEX_POINT('',#4587);
#1325=VERTEX_POINT('',#4589);
#1326=VERTEX_POINT('',#4593);
#1327=VERTEX_POINT('',#4595);
#1328=VERTEX_POINT('',#4597);
#1329=VERTEX_POINT('',#4599);
#1330=VERTEX_POINT('',#4602);
#1331=VERTEX_POINT('',#4605);
#1332=VERTEX_POINT('',#4607);
#1333=VERTEX_POINT('',#4609);
#1334=VERTEX_POINT('',#4611);
#1335=VERTEX_POINT('',#4624);
#1336=VERTEX_POINT('',#4626);
#1337=VERTEX_POINT('',#4628);
#1338=VERTEX_POINT('',#4630);
#1339=VERTEX_POINT('',#4632);
#1340=VERTEX_POINT('',#4636);
#1341=VERTEX_POINT('',#4640);
#1342=VERTEX_POINT('',#4644);
#1343=VERTEX_POINT('',#4648);
#1344=VERTEX_POINT('',#4652);
#1345=VERTEX_POINT('',#4655);
#1346=VERTEX_POINT('',#4661);
#1347=VERTEX_POINT('',#4665);
#1348=VERTEX_POINT('',#4669);
#1349=VERTEX_POINT('',#4673);
#1350=VERTEX_POINT('',#4682);
#1351=VERTEX_POINT('',#4686);
#1352=EDGE_CURVE('',#1094,#1095,#556,.T.);
#1353=EDGE_CURVE('',#1096,#1094,#557,.T.);
#1354=EDGE_CURVE('',#1097,#1096,#558,.T.);
#1355=EDGE_CURVE('',#1095,#1097,#559,.T.);
#1356=EDGE_CURVE('',#1097,#1098,#560,.T.);
#1357=EDGE_CURVE('',#1099,#1098,#140,.T.);
#1358=EDGE_CURVE('',#1099,#1100,#141,.T.);
#1359=EDGE_CURVE('',#1101,#1100,#142,.T.);
#1360=EDGE_CURVE('',#1101,#1102,#561,.T.);
#1361=EDGE_CURVE('',#1103,#1102,#143,.T.);
#1362=EDGE_CURVE('',#1103,#1104,#144,.T.);
#1363=EDGE_CURVE('',#1105,#1104,#145,.T.);
#1364=EDGE_CURVE('',#1105,#1095,#562,.T.);
#1365=EDGE_CURVE('',#1106,#1106,#146,.T.);
#1366=EDGE_CURVE('',#1107,#1107,#147,.T.);
#1367=EDGE_CURVE('',#1108,#1096,#563,.T.);
#1368=EDGE_CURVE('',#1109,#1108,#564,.T.);
#1369=EDGE_CURVE('',#1109,#1110,#565,.T.);
#1370=EDGE_CURVE('',#1110,#1111,#566,.T.);
#1371=EDGE_CURVE('',#1112,#1111,#567,.T.);
#1372=EDGE_CURVE('',#1112,#1113,#568,.T.);
#1373=EDGE_CURVE('',#1113,#1114,#569,.T.);
#1374=EDGE_CURVE('',#1114,#1115,#570,.T.);
#1375=EDGE_CURVE('',#1115,#1116,#571,.T.);
#1376=EDGE_CURVE('',#1098,#1116,#572,.T.);
#1377=EDGE_CURVE('',#1117,#1118,#88,.T.);
#1378=EDGE_CURVE('',#1117,#1118,#573,.T.);
#1379=EDGE_CURVE('',#1119,#1120,#76,.T.);
#1380=EDGE_CURVE('',#1119,#1121,#574,.T.);
#1381=EDGE_CURVE('',#1122,#1121,#575,.T.);
#1382=EDGE_CURVE('',#1123,#1122,#89,.T.);
#1383=EDGE_CURVE('',#1124,#1123,#576,.T.);
#1384=EDGE_CURVE('',#1125,#1124,#90,.T.);
#1385=EDGE_CURVE('',#1126,#1125,#577,.T.);
#1386=EDGE_CURVE('',#1127,#1126,#578,.T.);
#1387=EDGE_CURVE('',#1128,#1127,#77,.T.);
#1388=EDGE_CURVE('',#1120,#1128,#579,.T.);
#1389=EDGE_CURVE('',#1127,#1129,#78,.T.);
#1390=EDGE_CURVE('',#1130,#1126,#580,.T.);
#1391=EDGE_CURVE('',#1131,#1130,#91,.T.);
#1392=EDGE_CURVE('',#1132,#1131,#581,.T.);
#1393=EDGE_CURVE('',#1133,#1132,#92,.T.);
#1394=EDGE_CURVE('',#1134,#1133,#582,.T.);
#1395=EDGE_CURVE('',#1135,#1134,#583,.T.);
#1396=EDGE_CURVE('',#1136,#1135,#79,.T.);
#1397=EDGE_CURVE('',#1129,#1136,#584,.T.);
#1398=EDGE_CURVE('',#1137,#1119,#80,.T.);
#1399=EDGE_CURVE('',#1138,#1137,#585,.T.);
#1400=EDGE_CURVE('',#1139,#1138,#81,.T.);
#1401=EDGE_CURVE('',#1139,#1140,#586,.T.);
#1402=EDGE_CURVE('',#1141,#1140,#587,.T.);
#1403=EDGE_CURVE('',#1142,#1141,#93,.T.);
#1404=EDGE_CURVE('',#1143,#1142,#588,.T.);
#1405=EDGE_CURVE('',#1144,#1143,#94,.T.);
#1406=EDGE_CURVE('',#1121,#1144,#589,.T.);
#1407=EDGE_CURVE('',#1145,#1139,#82,.T.);
#1408=EDGE_CURVE('',#1146,#1145,#590,.T.);
#1409=EDGE_CURVE('',#1135,#1146,#83,.T.);
#1410=EDGE_CURVE('',#1147,#1134,#591,.T.);
#1411=EDGE_CURVE('',#1148,#1147,#95,.T.);
#1412=EDGE_CURVE('',#1149,#1148,#592,.T.);
#1413=EDGE_CURVE('',#1150,#1149,#96,.T.);
#1414=EDGE_CURVE('',#1140,#1150,#593,.T.);
#1415=EDGE_CURVE('',#1151,#1128,#594,.T.);
#1416=EDGE_CURVE('',#1152,#1151,#595,.T.);
#1417=EDGE_CURVE('',#1152,#1120,#596,.T.);
#1418=EDGE_CURVE('',#1153,#1129,#597,.T.);
#1419=EDGE_CURVE('',#1151,#1153,#84,.T.);
#1420=EDGE_CURVE('',#1154,#1136,#598,.T.);
#1421=EDGE_CURVE('',#1153,#1154,#599,.T.);
#1422=EDGE_CURVE('',#1155,#1146,#600,.T.);
#1423=EDGE_CURVE('',#1154,#1155,#85,.T.);
#1424=EDGE_CURVE('',#1142,#1156,#148,.T.);
#1425=EDGE_CURVE('',#1156,#1157,#601,.T.);
#1426=EDGE_CURVE('',#1157,#1143,#149,.T.);
#1427=EDGE_CURVE('',#1122,#1158,#150,.T.);
#1428=EDGE_CURVE('',#1123,#1158,#151,.T.);
#1429=EDGE_CURVE('',#1157,#1144,#152,.T.);
#1430=EDGE_CURVE('',#1159,#1149,#153,.T.);
#1431=EDGE_CURVE('',#1159,#1150,#154,.T.);
#1432=EDGE_CURVE('',#1141,#1156,#155,.T.);
#1433=EDGE_CURVE('',#1148,#1160,#156,.T.);
#1434=EDGE_CURVE('',#1160,#1159,#602,.T.);
#1435=EDGE_CURVE('',#1130,#1161,#157,.T.);
#1436=EDGE_CURVE('',#1131,#1161,#158,.T.);
#1437=EDGE_CURVE('',#1162,#1132,#159,.T.);
#1438=EDGE_CURVE('',#1162,#1133,#160,.T.);
#1439=EDGE_CURVE('',#1147,#1160,#161,.T.);
#1440=EDGE_CURVE('',#1163,#1164,#603,.T.);
#1441=EDGE_CURVE('',#1165,#1163,#604,.T.);
#1442=EDGE_CURVE('',#1166,#1165,#605,.T.);
#1443=EDGE_CURVE('',#1164,#1166,#606,.T.);
#1444=EDGE_CURVE('',#1167,#1168,#607,.T.);
#1445=EDGE_CURVE('',#1169,#1167,#608,.T.);
#1446=EDGE_CURVE('',#1170,#1169,#609,.T.);
#1447=EDGE_CURVE('',#1170,#1168,#610,.T.);
#1448=EDGE_CURVE('',#1168,#1165,#611,.T.);
#1449=EDGE_CURVE('',#1166,#1170,#612,.T.);
#1450=EDGE_CURVE('',#1171,#1172,#162,.T.);
#1451=EDGE_CURVE('',#1172,#1173,#163,.T.);
#1452=EDGE_CURVE('',#1173,#1174,#164,.T.);
#1453=EDGE_CURVE('',#1174,#1175,#613,.T.);
#1454=EDGE_CURVE('',#1175,#1176,#614,.T.);
#1455=EDGE_CURVE('',#1176,#1177,#615,.T.);
#1456=EDGE_CURVE('',#1177,#1178,#165,.T.);
#1457=EDGE_CURVE('',#1178,#1110,#616,.T.);
#1458=EDGE_CURVE('',#1179,#1109,#617,.T.);
#1459=EDGE_CURVE('',#1180,#1179,#618,.T.);
#1460=EDGE_CURVE('',#1181,#1180,#619,.T.);
#1461=EDGE_CURVE('',#1181,#1182,#620,.T.);
#1462=EDGE_CURVE('',#1182,#1183,#166,.T.);
#1463=EDGE_CURVE('',#1183,#1171,#167,.T.);
#1464=EDGE_CURVE('',#1184,#1184,#168,.T.);
#1465=EDGE_CURVE('',#1185,#1185,#169,.T.);
#1466=EDGE_CURVE('',#1186,#1186,#170,.T.);
#1467=EDGE_CURVE('',#1187,#1187,#171,.T.);
#1468=EDGE_CURVE('',#1188,#1189,#621,.T.);
#1469=EDGE_CURVE('',#1190,#1189,#97,.T.);
#1470=EDGE_CURVE('',#1190,#1191,#622,.T.);
#1471=EDGE_CURVE('',#1192,#1191,#98,.T.);
#1472=EDGE_CURVE('',#1192,#1193,#623,.T.);
#1473=EDGE_CURVE('',#1194,#1193,#99,.T.);
#1474=EDGE_CURVE('',#1194,#1195,#624,.T.);
#1475=EDGE_CURVE('',#1188,#1195,#100,.T.);
#1476=EDGE_CURVE('',#1169,#1164,#172,.T.);
#1477=EDGE_CURVE('',#1163,#1167,#173,.T.);
#1478=EDGE_CURVE('',#1196,#1197,#174,.T.);
#1479=EDGE_CURVE('',#1198,#1196,#175,.T.);
#1480=EDGE_CURVE('',#1198,#1199,#176,.T.);
#1481=EDGE_CURVE('',#1199,#1200,#625,.T.);
#1482=EDGE_CURVE('',#1200,#1201,#177,.T.);
#1483=EDGE_CURVE('',#1112,#1201,#626,.T.);
#1484=EDGE_CURVE('',#1202,#1111,#627,.T.);
#1485=EDGE_CURVE('',#1203,#1202,#178,.T.);
#1486=EDGE_CURVE('',#1204,#1203,#628,.T.);
#1487=EDGE_CURVE('',#1205,#1204,#629,.T.);
#1488=EDGE_CURVE('',#1197,#1205,#630,.T.);
#1489=EDGE_CURVE('',#1206,#1201,#631,.T.);
#1490=EDGE_CURVE('',#1113,#1206,#632,.T.);
#1491=EDGE_CURVE('',#1173,#1196,#633,.T.);
#1492=EDGE_CURVE('',#1172,#1198,#634,.T.);
#1493=EDGE_CURVE('',#1207,#1208,#635,.T.);
#1494=EDGE_CURVE('',#1207,#1209,#179,.T.);
#1495=EDGE_CURVE('',#1209,#1210,#636,.T.);
#1496=EDGE_CURVE('',#1210,#1211,#180,.T.);
#1497=EDGE_CURVE('',#1212,#1211,#181,.T.);
#1498=EDGE_CURVE('',#1213,#1212,#182,.T.);
#1499=EDGE_CURVE('',#1214,#1213,#637,.T.);
#1500=EDGE_CURVE('',#1214,#1208,#638,.T.);
#1501=EDGE_CURVE('',#1211,#1171,#639,.T.);
#1502=EDGE_CURVE('',#1183,#1212,#640,.T.);
#1503=EDGE_CURVE('',#1215,#1216,#183,.T.);
#1504=EDGE_CURVE('',#1217,#1215,#641,.T.);
#1505=EDGE_CURVE('',#1218,#1217,#184,.T.);
#1506=EDGE_CURVE('',#1216,#1218,#642,.T.);
#1507=EDGE_CURVE('',#1216,#1199,#643,.T.);
#1508=EDGE_CURVE('',#1210,#1215,#644,.T.);
#1509=EDGE_CURVE('',#1200,#1218,#645,.T.);
#1510=EDGE_CURVE('',#1203,#1177,#646,.T.);
#1511=EDGE_CURVE('',#1176,#1204,#647,.T.);
#1512=EDGE_CURVE('',#1175,#1205,#648,.T.);
#1513=EDGE_CURVE('',#1197,#1174,#649,.T.);
#1514=EDGE_CURVE('',#1213,#1182,#650,.T.);
#1515=EDGE_CURVE('',#1214,#1181,#651,.T.);
#1516=EDGE_CURVE('',#1202,#1178,#652,.T.);
#1517=EDGE_CURVE('',#1219,#1220,#653,.T.);
#1518=EDGE_CURVE('',#1114,#1220,#654,.T.);
#1519=EDGE_CURVE('',#1206,#1219,#185,.T.);
#1520=EDGE_CURVE('',#1220,#1208,#655,.T.);
#1521=EDGE_CURVE('',#1221,#1180,#656,.T.);
#1522=EDGE_CURVE('',#1221,#1222,#657,.T.);
#1523=EDGE_CURVE('',#1102,#1222,#658,.T.);
#1524=EDGE_CURVE('',#1223,#1101,#659,.T.);
#1525=EDGE_CURVE('',#1223,#1115,#660,.T.);
#1526=EDGE_CURVE('',#1224,#1223,#186,.T.);
#1527=EDGE_CURVE('',#1100,#1224,#661,.T.);
#1528=EDGE_CURVE('',#1222,#1225,#187,.T.);
#1529=EDGE_CURVE('',#1225,#1103,#662,.T.);
#1530=EDGE_CURVE('',#1226,#1225,#188,.T.);
#1531=EDGE_CURVE('',#1104,#1226,#663,.T.);
#1532=EDGE_CURVE('',#1116,#1227,#189,.T.);
#1533=EDGE_CURVE('',#1227,#1099,#664,.T.);
#1534=EDGE_CURVE('',#1224,#1227,#190,.T.);
#1535=EDGE_CURVE('',#1226,#1228,#191,.T.);
#1536=EDGE_CURVE('',#1228,#1105,#665,.T.);
#1537=EDGE_CURVE('',#1228,#1221,#666,.T.);
#1538=EDGE_CURVE('',#1179,#1229,#667,.T.);
#1539=EDGE_CURVE('',#1229,#1094,#668,.T.);
#1540=EDGE_CURVE('',#1230,#1230,#192,.T.);
#1541=EDGE_CURVE('',#1230,#1107,#669,.T.);
#1542=EDGE_CURVE('',#1231,#1231,#193,.T.);
#1543=EDGE_CURVE('',#1231,#1106,#670,.T.);
#1544=EDGE_CURVE('',#1151,#1189,#194,.T.);
#1545=EDGE_CURVE('',#1188,#1152,#195,.T.);
#1546=EDGE_CURVE('',#1195,#1232,#196,.T.);
#1547=EDGE_CURVE('',#1232,#1152,#86,.T.);
#1548=EDGE_CURVE('',#1194,#1233,#197,.T.);
#1549=EDGE_CURVE('',#1233,#1232,#671,.T.);
#1550=EDGE_CURVE('',#1193,#1234,#198,.T.);
#1551=EDGE_CURVE('',#1234,#1233,#87,.T.);
#1552=EDGE_CURVE('',#1192,#1155,#199,.T.);
#1553=EDGE_CURVE('',#1155,#1234,#672,.T.);
#1554=EDGE_CURVE('',#1191,#1154,#200,.T.);
#1555=EDGE_CURVE('',#1190,#1153,#201,.T.);
#1556=EDGE_CURVE('',#1235,#1124,#202,.T.);
#1557=EDGE_CURVE('',#1235,#1125,#203,.T.);
#1558=EDGE_CURVE('',#1161,#1162,#673,.T.);
#1559=EDGE_CURVE('',#1158,#1235,#674,.T.);
#1560=EDGE_CURVE('',#1233,#1138,#675,.T.);
#1561=EDGE_CURVE('',#1234,#1145,#676,.T.);
#1562=EDGE_CURVE('',#1232,#1137,#677,.T.);
#1563=EDGE_CURVE('',#1229,#1108,#678,.T.);
#1564=EDGE_CURVE('',#1236,#1236,#204,.T.);
#1565=EDGE_CURVE('',#1237,#1237,#205,.T.);
#1566=EDGE_CURVE('',#1238,#1238,#206,.T.);
#1567=EDGE_CURVE('',#1239,#1239,#207,.T.);
#1568=EDGE_CURVE('',#1239,#1184,#679,.T.);
#1569=EDGE_CURVE('',#1238,#1185,#680,.T.);
#1570=EDGE_CURVE('',#1237,#1186,#681,.T.);
#1571=EDGE_CURVE('',#1236,#1187,#682,.T.);
#1572=EDGE_CURVE('',#1207,#1219,#683,.T.);
#1573=EDGE_CURVE('',#1117,#1118,#101,.T.);
#1574=EDGE_CURVE('',#1217,#1209,#684,.T.);
#1575=EDGE_CURVE('',#1240,#1240,#208,.T.);
#1576=EDGE_CURVE('',#1240,#1241,#685,.T.);
#1577=EDGE_CURVE('',#1241,#1241,#209,.T.);
#1578=EDGE_CURVE('',#1242,#1243,#686,.T.);
#1579=EDGE_CURVE('',#1244,#1242,#210,.T.);
#1580=EDGE_CURVE('',#1244,#1245,#211,.T.);
#1581=EDGE_CURVE('',#1246,#1245,#212,.T.);
#1582=EDGE_CURVE('',#1243,#1246,#687,.T.);
#1583=EDGE_CURVE('',#1247,#1247,#213,.T.);
#1584=EDGE_CURVE('',#1248,#1248,#214,.T.);
#1585=EDGE_CURVE('',#1248,#1249,#688,.T.);
#1586=EDGE_CURVE('',#1249,#1249,#215,.T.);
#1587=EDGE_CURVE('',#1250,#1251,#689,.T.);
#1588=EDGE_CURVE('',#1252,#1250,#690,.T.);
#1589=EDGE_CURVE('',#1252,#1253,#691,.T.);
#1590=EDGE_CURVE('',#1254,#1253,#692,.T.);
#1591=EDGE_CURVE('',#1255,#1254,#693,.T.);
#1592=EDGE_CURVE('',#1256,#1255,#694,.T.);
#1593=EDGE_CURVE('',#1257,#1256,#695,.T.);
#1594=EDGE_CURVE('',#1257,#1251,#696,.T.);
#1595=EDGE_CURVE('',#1258,#1243,#697,.T.);
#1596=EDGE_CURVE('',#1258,#1259,#698,.T.);
#1597=EDGE_CURVE('',#1259,#1260,#699,.T.);
#1598=EDGE_CURVE('',#1260,#1261,#700,.T.);
#1599=EDGE_CURVE('',#1262,#1261,#701,.T.);
#1600=EDGE_CURVE('',#1263,#1262,#702,.T.);
#1601=EDGE_CURVE('',#1242,#1263,#703,.T.);
#1602=EDGE_CURVE('',#1264,#1265,#704,.T.);
#1603=EDGE_CURVE('',#1265,#1257,#705,.T.);
#1604=EDGE_CURVE('',#1256,#1264,#706,.T.);
#1605=EDGE_CURVE('',#1251,#1266,#707,.T.);
#1606=EDGE_CURVE('',#1266,#1267,#708,.T.);
#1607=EDGE_CURVE('',#1267,#1255,#709,.T.);
#1608=EDGE_CURVE('',#1268,#1254,#710,.T.);
#1609=EDGE_CURVE('',#1268,#1269,#711,.T.);
#1610=EDGE_CURVE('',#1269,#1250,#712,.T.);
#1611=EDGE_CURVE('',#1270,#1260,#713,.T.);
#1612=EDGE_CURVE('',#1271,#1270,#216,.T.);
#1613=EDGE_CURVE('',#1271,#1272,#217,.T.);
#1614=EDGE_CURVE('',#1261,#1272,#218,.T.);
#1615=EDGE_CURVE('',#1273,#1273,#219,.T.);
#1616=EDGE_CURVE('',#1270,#1274,#714,.T.);
#1617=EDGE_CURVE('',#1274,#1275,#220,.T.);
#1618=EDGE_CURVE('',#1275,#1271,#715,.T.);
#1619=EDGE_CURVE('',#1259,#1276,#716,.T.);
#1620=EDGE_CURVE('',#1276,#1277,#717,.T.);
#1621=EDGE_CURVE('',#1274,#1277,#718,.T.);
#1622=EDGE_CURVE('',#1278,#1279,#719,.T.);
#1623=EDGE_CURVE('',#1279,#1280,#720,.T.);
#1624=EDGE_CURVE('',#1280,#1281,#721,.T.);
#1625=EDGE_CURVE('',#1281,#1278,#722,.T.);
#1626=EDGE_CURVE('',#1282,#1283,#723,.T.);
#1627=EDGE_CURVE('',#1283,#1284,#724,.T.);
#1628=EDGE_CURVE('',#1284,#1285,#725,.T.);
#1629=EDGE_CURVE('',#1285,#1282,#726,.T.);
#1630=EDGE_CURVE('',#1263,#1286,#221,.T.);
#1631=EDGE_CURVE('',#1286,#1244,#727,.T.);
#1632=EDGE_CURVE('',#1287,#1286,#222,.T.);
#1633=EDGE_CURVE('',#1245,#1287,#728,.T.);
#1634=EDGE_CURVE('',#1272,#1288,#729,.T.);
#1635=EDGE_CURVE('',#1288,#1262,#223,.T.);
#1636=EDGE_CURVE('',#1288,#1275,#224,.T.);
#1637=EDGE_CURVE('',#1287,#1289,#225,.T.);
#1638=EDGE_CURVE('',#1289,#1246,#730,.T.);
#1639=EDGE_CURVE('',#1247,#1290,#731,.T.);
#1640=EDGE_CURVE('',#1290,#1290,#226,.T.);
#1641=EDGE_CURVE('',#1291,#1289,#732,.T.);
#1642=EDGE_CURVE('',#1292,#1291,#733,.T.);
#1643=EDGE_CURVE('',#1292,#1258,#734,.T.);
#1644=EDGE_CURVE('',#1293,#1294,#735,.T.);
#1645=EDGE_CURVE('',#1294,#1295,#736,.T.);
#1646=EDGE_CURVE('',#1295,#1296,#737,.T.);
#1647=EDGE_CURVE('',#1296,#1293,#738,.T.);
#1648=EDGE_CURVE('',#1297,#1298,#739,.T.);
#1649=EDGE_CURVE('',#1298,#1299,#740,.T.);
#1650=EDGE_CURVE('',#1299,#1300,#741,.T.);
#1651=EDGE_CURVE('',#1300,#1297,#742,.T.);
#1652=EDGE_CURVE('',#1273,#1301,#743,.T.);
#1653=EDGE_CURVE('',#1301,#1301,#227,.T.);
#1654=EDGE_CURVE('',#1281,#1302,#744,.T.);
#1655=EDGE_CURVE('',#1302,#1303,#745,.T.);
#1656=EDGE_CURVE('',#1303,#1278,#746,.T.);
#1657=EDGE_CURVE('',#1304,#1280,#747,.T.);
#1658=EDGE_CURVE('',#1305,#1304,#748,.T.);
#1659=EDGE_CURVE('',#1306,#1305,#749,.T.);
#1660=EDGE_CURVE('',#1307,#1306,#750,.T.);
#1661=EDGE_CURVE('',#1302,#1307,#751,.T.);
#1662=EDGE_CURVE('',#1308,#1308,#228,.T.);
#1663=EDGE_CURVE('',#1309,#1303,#752,.T.);
#1664=EDGE_CURVE('',#1310,#1309,#753,.T.);
#1665=EDGE_CURVE('',#1311,#1310,#754,.T.);
#1666=EDGE_CURVE('',#1312,#1311,#755,.T.);
#1667=EDGE_CURVE('',#1279,#1312,#756,.T.);
#1668=EDGE_CURVE('',#1312,#1304,#757,.T.);
#1669=EDGE_CURVE('',#1311,#1305,#758,.T.);
#1670=EDGE_CURVE('',#1310,#1306,#759,.T.);
#1671=EDGE_CURVE('',#1309,#1307,#760,.T.);
#1672=EDGE_CURVE('',#1285,#1313,#761,.T.);
#1673=EDGE_CURVE('',#1313,#1314,#762,.T.);
#1674=EDGE_CURVE('',#1314,#1282,#763,.T.);
#1675=EDGE_CURVE('',#1315,#1284,#764,.T.);
#1676=EDGE_CURVE('',#1316,#1315,#765,.T.);
#1677=EDGE_CURVE('',#1317,#1316,#766,.T.);
#1678=EDGE_CURVE('',#1318,#1317,#767,.T.);
#1679=EDGE_CURVE('',#1313,#1318,#768,.T.);
#1680=EDGE_CURVE('',#1319,#1319,#229,.T.);
#1681=EDGE_CURVE('',#1320,#1314,#769,.T.);
#1682=EDGE_CURVE('',#1321,#1320,#770,.T.);
#1683=EDGE_CURVE('',#1322,#1321,#771,.T.);
#1684=EDGE_CURVE('',#1323,#1322,#772,.T.);
#1685=EDGE_CURVE('',#1283,#1323,#773,.T.);
#1686=EDGE_CURVE('',#1323,#1315,#774,.T.);
#1687=EDGE_CURVE('',#1322,#1316,#775,.T.);
#1688=EDGE_CURVE('',#1321,#1317,#776,.T.);
#1689=EDGE_CURVE('',#1320,#1318,#777,.T.);
#1690=EDGE_CURVE('',#1300,#1324,#778,.T.);
#1691=EDGE_CURVE('',#1324,#1325,#779,.T.);
#1692=EDGE_CURVE('',#1325,#1297,#780,.T.);
#1693=EDGE_CURVE('',#1326,#1299,#781,.T.);
#1694=EDGE_CURVE('',#1327,#1326,#782,.T.);
#1695=EDGE_CURVE('',#1328,#1327,#783,.T.);
#1696=EDGE_CURVE('',#1329,#1328,#784,.T.);
#1697=EDGE_CURVE('',#1324,#1329,#785,.T.);
#1698=EDGE_CURVE('',#1330,#1330,#230,.T.);
#1699=EDGE_CURVE('',#1331,#1325,#786,.T.);
#1700=EDGE_CURVE('',#1332,#1331,#787,.T.);
#1701=EDGE_CURVE('',#1333,#1332,#788,.T.);
#1702=EDGE_CURVE('',#1334,#1333,#789,.T.);
#1703=EDGE_CURVE('',#1298,#1334,#790,.T.);
#1704=EDGE_CURVE('',#1334,#1326,#791,.T.);
#1705=EDGE_CURVE('',#1333,#1327,#792,.T.);
#1706=EDGE_CURVE('',#1332,#1328,#793,.T.);
#1707=EDGE_CURVE('',#1331,#1329,#794,.T.);
#1708=EDGE_CURVE('',#1335,#1295,#795,.T.);
#1709=EDGE_CURVE('',#1336,#1335,#796,.T.);
#1710=EDGE_CURVE('',#1337,#1336,#797,.T.);
#1711=EDGE_CURVE('',#1338,#1337,#798,.T.);
#1712=EDGE_CURVE('',#1339,#1338,#799,.T.);
#1713=EDGE_CURVE('',#1296,#1339,#800,.T.);
#1714=EDGE_CURVE('',#1340,#1339,#801,.T.);
#1715=EDGE_CURVE('',#1340,#1293,#802,.T.);
#1716=EDGE_CURVE('',#1294,#1341,#803,.T.);
#1717=EDGE_CURVE('',#1335,#1341,#804,.T.);
#1718=EDGE_CURVE('',#1341,#1342,#805,.T.);
#1719=EDGE_CURVE('',#1336,#1342,#806,.T.);
#1720=EDGE_CURVE('',#1338,#1343,#807,.T.);
#1721=EDGE_CURVE('',#1343,#1340,#808,.T.);
#1722=EDGE_CURVE('',#1344,#1343,#809,.T.);
#1723=EDGE_CURVE('',#1342,#1344,#810,.T.);
#1724=EDGE_CURVE('',#1345,#1345,#231,.T.);
#1725=EDGE_CURVE('',#1337,#1344,#811,.T.);
#1726=EDGE_CURVE('',#1346,#1346,#232,.T.);
#1727=EDGE_CURVE('',#1346,#1308,#812,.T.);
#1728=EDGE_CURVE('',#1347,#1347,#233,.T.);
#1729=EDGE_CURVE('',#1347,#1330,#813,.T.);
#1730=EDGE_CURVE('',#1348,#1348,#234,.T.);
#1731=EDGE_CURVE('',#1348,#1319,#814,.T.);
#1732=EDGE_CURVE('',#1349,#1349,#235,.T.);
#1733=EDGE_CURVE('',#1349,#1345,#815,.T.);
#1734=EDGE_CURVE('',#1265,#1266,#816,.T.);
#1735=EDGE_CURVE('',#1264,#1267,#817,.T.);
#1736=EDGE_CURVE('',#1269,#1350,#818,.T.);
#1737=EDGE_CURVE('',#1350,#1252,#819,.T.);
#1738=EDGE_CURVE('',#1351,#1253,#820,.T.);
#1739=EDGE_CURVE('',#1351,#1268,#821,.T.);
#1740=EDGE_CURVE('',#1350,#1292,#822,.T.);
#1741=EDGE_CURVE('',#1277,#1291,#823,.T.);
#1742=EDGE_CURVE('',#1276,#1351,#824,.T.);
#1743=ORIENTED_EDGE('',*,*,#1352,.F.);
#1744=ORIENTED_EDGE('',*,*,#1353,.F.);
#1745=ORIENTED_EDGE('',*,*,#1354,.F.);
#1746=ORIENTED_EDGE('',*,*,#1355,.F.);
#1747=ORIENTED_EDGE('',*,*,#1355,.T.);
#1748=ORIENTED_EDGE('',*,*,#1356,.T.);
#1749=ORIENTED_EDGE('',*,*,#1357,.F.);
#1750=ORIENTED_EDGE('',*,*,#1358,.T.);
#1751=ORIENTED_EDGE('',*,*,#1359,.F.);
#1752=ORIENTED_EDGE('',*,*,#1360,.T.);
#1753=ORIENTED_EDGE('',*,*,#1361,.F.);
#1754=ORIENTED_EDGE('',*,*,#1362,.T.);
#1755=ORIENTED_EDGE('',*,*,#1363,.F.);
#1756=ORIENTED_EDGE('',*,*,#1364,.T.);
#1757=ORIENTED_EDGE('',*,*,#1365,.T.);
#1758=ORIENTED_EDGE('',*,*,#1366,.T.);
#1759=ORIENTED_EDGE('',*,*,#1354,.T.);
#1760=ORIENTED_EDGE('',*,*,#1367,.F.);
#1761=ORIENTED_EDGE('',*,*,#1368,.F.);
#1762=ORIENTED_EDGE('',*,*,#1369,.T.);
#1763=ORIENTED_EDGE('',*,*,#1370,.T.);
#1764=ORIENTED_EDGE('',*,*,#1371,.F.);
#1765=ORIENTED_EDGE('',*,*,#1372,.T.);
#1766=ORIENTED_EDGE('',*,*,#1373,.T.);
#1767=ORIENTED_EDGE('',*,*,#1374,.T.);
#1768=ORIENTED_EDGE('',*,*,#1375,.T.);
#1769=ORIENTED_EDGE('',*,*,#1376,.F.);
#1770=ORIENTED_EDGE('',*,*,#1356,.F.);
#1771=ORIENTED_EDGE('',*,*,#1377,.T.);
#1772=ORIENTED_EDGE('',*,*,#1378,.F.);
#1773=ORIENTED_EDGE('',*,*,#1379,.F.);
#1774=ORIENTED_EDGE('',*,*,#1380,.T.);
#1775=ORIENTED_EDGE('',*,*,#1381,.F.);
#1776=ORIENTED_EDGE('',*,*,#1382,.F.);
#1777=ORIENTED_EDGE('',*,*,#1383,.F.);
#1778=ORIENTED_EDGE('',*,*,#1384,.F.);
#1779=ORIENTED_EDGE('',*,*,#1385,.F.);
#1780=ORIENTED_EDGE('',*,*,#1386,.F.);
#1781=ORIENTED_EDGE('',*,*,#1387,.F.);
#1782=ORIENTED_EDGE('',*,*,#1388,.F.);
#1783=ORIENTED_EDGE('',*,*,#1389,.F.);
#1784=ORIENTED_EDGE('',*,*,#1386,.T.);
#1785=ORIENTED_EDGE('',*,*,#1390,.F.);
#1786=ORIENTED_EDGE('',*,*,#1391,.F.);
#1787=ORIENTED_EDGE('',*,*,#1392,.F.);
#1788=ORIENTED_EDGE('',*,*,#1393,.F.);
#1789=ORIENTED_EDGE('',*,*,#1394,.F.);
#1790=ORIENTED_EDGE('',*,*,#1395,.F.);
#1791=ORIENTED_EDGE('',*,*,#1396,.F.);
#1792=ORIENTED_EDGE('',*,*,#1397,.F.);
#1793=ORIENTED_EDGE('',*,*,#1398,.F.);
#1794=ORIENTED_EDGE('',*,*,#1399,.F.);
#1795=ORIENTED_EDGE('',*,*,#1400,.F.);
#1796=ORIENTED_EDGE('',*,*,#1401,.T.);
#1797=ORIENTED_EDGE('',*,*,#1402,.F.);
#1798=ORIENTED_EDGE('',*,*,#1403,.F.);
#1799=ORIENTED_EDGE('',*,*,#1404,.F.);
#1800=ORIENTED_EDGE('',*,*,#1405,.F.);
#1801=ORIENTED_EDGE('',*,*,#1406,.F.);
#1802=ORIENTED_EDGE('',*,*,#1380,.F.);
#1803=ORIENTED_EDGE('',*,*,#1407,.F.);
#1804=ORIENTED_EDGE('',*,*,#1408,.F.);
#1805=ORIENTED_EDGE('',*,*,#1409,.F.);
#1806=ORIENTED_EDGE('',*,*,#1395,.T.);
#1807=ORIENTED_EDGE('',*,*,#1410,.F.);
#1808=ORIENTED_EDGE('',*,*,#1411,.F.);
#1809=ORIENTED_EDGE('',*,*,#1412,.F.);
#1810=ORIENTED_EDGE('',*,*,#1413,.F.);
#1811=ORIENTED_EDGE('',*,*,#1414,.F.);
#1812=ORIENTED_EDGE('',*,*,#1401,.F.);
#1813=ORIENTED_EDGE('',*,*,#1388,.T.);
#1814=ORIENTED_EDGE('',*,*,#1415,.F.);
#1815=ORIENTED_EDGE('',*,*,#1416,.F.);
#1816=ORIENTED_EDGE('',*,*,#1417,.T.);
#1817=ORIENTED_EDGE('',*,*,#1387,.T.);
#1818=ORIENTED_EDGE('',*,*,#1389,.T.);
#1819=ORIENTED_EDGE('',*,*,#1418,.F.);
#1820=ORIENTED_EDGE('',*,*,#1419,.F.);
#1821=ORIENTED_EDGE('',*,*,#1415,.T.);
#1822=ORIENTED_EDGE('',*,*,#1397,.T.);
#1823=ORIENTED_EDGE('',*,*,#1420,.F.);
#1824=ORIENTED_EDGE('',*,*,#1421,.F.);
#1825=ORIENTED_EDGE('',*,*,#1418,.T.);
#1826=ORIENTED_EDGE('',*,*,#1396,.T.);
#1827=ORIENTED_EDGE('',*,*,#1409,.T.);
#1828=ORIENTED_EDGE('',*,*,#1422,.F.);
#1829=ORIENTED_EDGE('',*,*,#1423,.F.);
#1830=ORIENTED_EDGE('',*,*,#1420,.T.);
#1831=ORIENTED_EDGE('',*,*,#1404,.T.);
#1832=ORIENTED_EDGE('',*,*,#1424,.T.);
#1833=ORIENTED_EDGE('',*,*,#1425,.T.);
#1834=ORIENTED_EDGE('',*,*,#1426,.T.);
#1835=ORIENTED_EDGE('',*,*,#1382,.T.);
#1836=ORIENTED_EDGE('',*,*,#1427,.T.);
#1837=ORIENTED_EDGE('',*,*,#1428,.F.);
#1838=ORIENTED_EDGE('',*,*,#1405,.T.);
#1839=ORIENTED_EDGE('',*,*,#1426,.F.);
#1840=ORIENTED_EDGE('',*,*,#1429,.T.);
#1841=ORIENTED_EDGE('',*,*,#1413,.T.);
#1842=ORIENTED_EDGE('',*,*,#1430,.F.);
#1843=ORIENTED_EDGE('',*,*,#1431,.T.);
#1844=ORIENTED_EDGE('',*,*,#1403,.T.);
#1845=ORIENTED_EDGE('',*,*,#1432,.T.);
#1846=ORIENTED_EDGE('',*,*,#1424,.F.);
#1847=ORIENTED_EDGE('',*,*,#1412,.T.);
#1848=ORIENTED_EDGE('',*,*,#1433,.T.);
#1849=ORIENTED_EDGE('',*,*,#1434,.T.);
#1850=ORIENTED_EDGE('',*,*,#1430,.T.);
#1851=ORIENTED_EDGE('',*,*,#1391,.T.);
#1852=ORIENTED_EDGE('',*,*,#1435,.T.);
#1853=ORIENTED_EDGE('',*,*,#1436,.F.);
#1854=ORIENTED_EDGE('',*,*,#1393,.T.);
#1855=ORIENTED_EDGE('',*,*,#1437,.F.);
#1856=ORIENTED_EDGE('',*,*,#1438,.T.);
#1857=ORIENTED_EDGE('',*,*,#1411,.T.);
#1858=ORIENTED_EDGE('',*,*,#1439,.T.);
#1859=ORIENTED_EDGE('',*,*,#1433,.F.);
#1860=ORIENTED_EDGE('',*,*,#1440,.F.);
#1861=ORIENTED_EDGE('',*,*,#1441,.F.);
#1862=ORIENTED_EDGE('',*,*,#1442,.F.);
#1863=ORIENTED_EDGE('',*,*,#1443,.F.);
#1864=ORIENTED_EDGE('',*,*,#1444,.F.);
#1865=ORIENTED_EDGE('',*,*,#1445,.F.);
#1866=ORIENTED_EDGE('',*,*,#1446,.F.);
#1867=ORIENTED_EDGE('',*,*,#1447,.T.);
#1868=ORIENTED_EDGE('',*,*,#1448,.F.);
#1869=ORIENTED_EDGE('',*,*,#1447,.F.);
#1870=ORIENTED_EDGE('',*,*,#1449,.F.);
#1871=ORIENTED_EDGE('',*,*,#1442,.T.);
#1872=ORIENTED_EDGE('',*,*,#1450,.T.);
#1873=ORIENTED_EDGE('',*,*,#1451,.T.);
#1874=ORIENTED_EDGE('',*,*,#1452,.T.);
#1875=ORIENTED_EDGE('',*,*,#1453,.T.);
#1876=ORIENTED_EDGE('',*,*,#1454,.T.);
#1877=ORIENTED_EDGE('',*,*,#1455,.T.);
#1878=ORIENTED_EDGE('',*,*,#1456,.T.);
#1879=ORIENTED_EDGE('',*,*,#1457,.T.);
#1880=ORIENTED_EDGE('',*,*,#1369,.F.);
#1881=ORIENTED_EDGE('',*,*,#1458,.F.);
#1882=ORIENTED_EDGE('',*,*,#1459,.F.);
#1883=ORIENTED_EDGE('',*,*,#1460,.F.);
#1884=ORIENTED_EDGE('',*,*,#1461,.T.);
#1885=ORIENTED_EDGE('',*,*,#1462,.T.);
#1886=ORIENTED_EDGE('',*,*,#1463,.T.);
#1887=ORIENTED_EDGE('',*,*,#1464,.T.);
#1888=ORIENTED_EDGE('',*,*,#1465,.T.);
#1889=ORIENTED_EDGE('',*,*,#1466,.T.);
#1890=ORIENTED_EDGE('',*,*,#1467,.T.);
#1891=ORIENTED_EDGE('',*,*,#1468,.T.);
#1892=ORIENTED_EDGE('',*,*,#1469,.F.);
#1893=ORIENTED_EDGE('',*,*,#1470,.T.);
#1894=ORIENTED_EDGE('',*,*,#1471,.F.);
#1895=ORIENTED_EDGE('',*,*,#1472,.T.);
#1896=ORIENTED_EDGE('',*,*,#1473,.F.);
#1897=ORIENTED_EDGE('',*,*,#1474,.T.);
#1898=ORIENTED_EDGE('',*,*,#1475,.F.);
#1899=ORIENTED_EDGE('',*,*,#1443,.T.);
#1900=ORIENTED_EDGE('',*,*,#1449,.T.);
#1901=ORIENTED_EDGE('',*,*,#1446,.T.);
#1902=ORIENTED_EDGE('',*,*,#1476,.T.);
#1903=ORIENTED_EDGE('',*,*,#1440,.T.);
#1904=ORIENTED_EDGE('',*,*,#1476,.F.);
#1905=ORIENTED_EDGE('',*,*,#1445,.T.);
#1906=ORIENTED_EDGE('',*,*,#1477,.F.);
#1907=ORIENTED_EDGE('',*,*,#1478,.F.);
#1908=ORIENTED_EDGE('',*,*,#1479,.F.);
#1909=ORIENTED_EDGE('',*,*,#1480,.T.);
#1910=ORIENTED_EDGE('',*,*,#1481,.T.);
#1911=ORIENTED_EDGE('',*,*,#1482,.T.);
#1912=ORIENTED_EDGE('',*,*,#1483,.F.);
#1913=ORIENTED_EDGE('',*,*,#1371,.T.);
#1914=ORIENTED_EDGE('',*,*,#1484,.F.);
#1915=ORIENTED_EDGE('',*,*,#1485,.F.);
#1916=ORIENTED_EDGE('',*,*,#1486,.F.);
#1917=ORIENTED_EDGE('',*,*,#1487,.F.);
#1918=ORIENTED_EDGE('',*,*,#1488,.F.);
#1919=ORIENTED_EDGE('',*,*,#1483,.T.);
#1920=ORIENTED_EDGE('',*,*,#1489,.F.);
#1921=ORIENTED_EDGE('',*,*,#1490,.F.);
#1922=ORIENTED_EDGE('',*,*,#1372,.F.);
#1923=ORIENTED_EDGE('',*,*,#1479,.T.);
#1924=ORIENTED_EDGE('',*,*,#1491,.F.);
#1925=ORIENTED_EDGE('',*,*,#1451,.F.);
#1926=ORIENTED_EDGE('',*,*,#1492,.T.);
#1927=ORIENTED_EDGE('',*,*,#1493,.F.);
#1928=ORIENTED_EDGE('',*,*,#1494,.T.);
#1929=ORIENTED_EDGE('',*,*,#1495,.T.);
#1930=ORIENTED_EDGE('',*,*,#1496,.T.);
#1931=ORIENTED_EDGE('',*,*,#1497,.F.);
#1932=ORIENTED_EDGE('',*,*,#1498,.F.);
#1933=ORIENTED_EDGE('',*,*,#1499,.F.);
#1934=ORIENTED_EDGE('',*,*,#1500,.T.);
#1935=ORIENTED_EDGE('',*,*,#1497,.T.);
#1936=ORIENTED_EDGE('',*,*,#1501,.T.);
#1937=ORIENTED_EDGE('',*,*,#1463,.F.);
#1938=ORIENTED_EDGE('',*,*,#1502,.T.);
#1939=ORIENTED_EDGE('',*,*,#1503,.F.);
#1940=ORIENTED_EDGE('',*,*,#1504,.F.);
#1941=ORIENTED_EDGE('',*,*,#1505,.F.);
#1942=ORIENTED_EDGE('',*,*,#1506,.F.);
#1943=ORIENTED_EDGE('',*,*,#1503,.T.);
#1944=ORIENTED_EDGE('',*,*,#1507,.T.);
#1945=ORIENTED_EDGE('',*,*,#1480,.F.);
#1946=ORIENTED_EDGE('',*,*,#1492,.F.);
#1947=ORIENTED_EDGE('',*,*,#1450,.F.);
#1948=ORIENTED_EDGE('',*,*,#1501,.F.);
#1949=ORIENTED_EDGE('',*,*,#1496,.F.);
#1950=ORIENTED_EDGE('',*,*,#1508,.T.);
#1951=ORIENTED_EDGE('',*,*,#1506,.T.);
#1952=ORIENTED_EDGE('',*,*,#1509,.F.);
#1953=ORIENTED_EDGE('',*,*,#1481,.F.);
#1954=ORIENTED_EDGE('',*,*,#1507,.F.);
#1955=ORIENTED_EDGE('',*,*,#1486,.T.);
#1956=ORIENTED_EDGE('',*,*,#1510,.T.);
#1957=ORIENTED_EDGE('',*,*,#1455,.F.);
#1958=ORIENTED_EDGE('',*,*,#1511,.T.);
#1959=ORIENTED_EDGE('',*,*,#1487,.T.);
#1960=ORIENTED_EDGE('',*,*,#1511,.F.);
#1961=ORIENTED_EDGE('',*,*,#1454,.F.);
#1962=ORIENTED_EDGE('',*,*,#1512,.T.);
#1963=ORIENTED_EDGE('',*,*,#1488,.T.);
#1964=ORIENTED_EDGE('',*,*,#1512,.F.);
#1965=ORIENTED_EDGE('',*,*,#1453,.F.);
#1966=ORIENTED_EDGE('',*,*,#1513,.F.);
#1967=ORIENTED_EDGE('',*,*,#1499,.T.);
#1968=ORIENTED_EDGE('',*,*,#1514,.T.);
#1969=ORIENTED_EDGE('',*,*,#1461,.F.);
#1970=ORIENTED_EDGE('',*,*,#1515,.F.);
#1971=ORIENTED_EDGE('',*,*,#1478,.T.);
#1972=ORIENTED_EDGE('',*,*,#1513,.T.);
#1973=ORIENTED_EDGE('',*,*,#1452,.F.);
#1974=ORIENTED_EDGE('',*,*,#1491,.T.);
#1975=ORIENTED_EDGE('',*,*,#1485,.T.);
#1976=ORIENTED_EDGE('',*,*,#1516,.T.);
#1977=ORIENTED_EDGE('',*,*,#1456,.F.);
#1978=ORIENTED_EDGE('',*,*,#1510,.F.);
#1979=ORIENTED_EDGE('',*,*,#1517,.T.);
#1980=ORIENTED_EDGE('',*,*,#1518,.F.);
#1981=ORIENTED_EDGE('',*,*,#1373,.F.);
#1982=ORIENTED_EDGE('',*,*,#1490,.T.);
#1983=ORIENTED_EDGE('',*,*,#1519,.T.);
#1984=ORIENTED_EDGE('',*,*,#1520,.T.);
#1985=ORIENTED_EDGE('',*,*,#1500,.F.);
#1986=ORIENTED_EDGE('',*,*,#1515,.T.);
#1987=ORIENTED_EDGE('',*,*,#1460,.T.);
#1988=ORIENTED_EDGE('',*,*,#1521,.F.);
#1989=ORIENTED_EDGE('',*,*,#1522,.T.);
#1990=ORIENTED_EDGE('',*,*,#1523,.F.);
#1991=ORIENTED_EDGE('',*,*,#1360,.F.);
#1992=ORIENTED_EDGE('',*,*,#1524,.F.);
#1993=ORIENTED_EDGE('',*,*,#1525,.T.);
#1994=ORIENTED_EDGE('',*,*,#1374,.F.);
#1995=ORIENTED_EDGE('',*,*,#1518,.T.);
#1996=ORIENTED_EDGE('',*,*,#1526,.T.);
#1997=ORIENTED_EDGE('',*,*,#1524,.T.);
#1998=ORIENTED_EDGE('',*,*,#1359,.T.);
#1999=ORIENTED_EDGE('',*,*,#1527,.T.);
#2000=ORIENTED_EDGE('',*,*,#1528,.T.);
#2001=ORIENTED_EDGE('',*,*,#1529,.T.);
#2002=ORIENTED_EDGE('',*,*,#1361,.T.);
#2003=ORIENTED_EDGE('',*,*,#1523,.T.);
#2004=ORIENTED_EDGE('',*,*,#1529,.F.);
#2005=ORIENTED_EDGE('',*,*,#1530,.F.);
#2006=ORIENTED_EDGE('',*,*,#1531,.F.);
#2007=ORIENTED_EDGE('',*,*,#1362,.F.);
#2008=ORIENTED_EDGE('',*,*,#1532,.T.);
#2009=ORIENTED_EDGE('',*,*,#1533,.T.);
#2010=ORIENTED_EDGE('',*,*,#1357,.T.);
#2011=ORIENTED_EDGE('',*,*,#1376,.T.);
#2012=ORIENTED_EDGE('',*,*,#1527,.F.);
#2013=ORIENTED_EDGE('',*,*,#1358,.F.);
#2014=ORIENTED_EDGE('',*,*,#1533,.F.);
#2015=ORIENTED_EDGE('',*,*,#1534,.F.);
#2016=ORIENTED_EDGE('',*,*,#1535,.T.);
#2017=ORIENTED_EDGE('',*,*,#1536,.T.);
#2018=ORIENTED_EDGE('',*,*,#1363,.T.);
#2019=ORIENTED_EDGE('',*,*,#1531,.T.);
#2020=ORIENTED_EDGE('',*,*,#1352,.T.);
#2021=ORIENTED_EDGE('',*,*,#1364,.F.);
#2022=ORIENTED_EDGE('',*,*,#1536,.F.);
#2023=ORIENTED_EDGE('',*,*,#1537,.T.);
#2024=ORIENTED_EDGE('',*,*,#1521,.T.);
#2025=ORIENTED_EDGE('',*,*,#1459,.T.);
#2026=ORIENTED_EDGE('',*,*,#1538,.T.);
#2027=ORIENTED_EDGE('',*,*,#1539,.T.);
#2028=ORIENTED_EDGE('',*,*,#1522,.F.);
#2029=ORIENTED_EDGE('',*,*,#1537,.F.);
#2030=ORIENTED_EDGE('',*,*,#1535,.F.);
#2031=ORIENTED_EDGE('',*,*,#1530,.T.);
#2032=ORIENTED_EDGE('',*,*,#1528,.F.);
#2033=ORIENTED_EDGE('',*,*,#1540,.T.);
#2034=ORIENTED_EDGE('',*,*,#1540,.F.);
#2035=ORIENTED_EDGE('',*,*,#1541,.T.);
#2036=ORIENTED_EDGE('',*,*,#1366,.F.);
#2037=ORIENTED_EDGE('',*,*,#1541,.F.);
#2038=ORIENTED_EDGE('',*,*,#1542,.F.);
#2039=ORIENTED_EDGE('',*,*,#1543,.T.);
#2040=ORIENTED_EDGE('',*,*,#1365,.F.);
#2041=ORIENTED_EDGE('',*,*,#1543,.F.);
#2042=ORIENTED_EDGE('',*,*,#1525,.F.);
#2043=ORIENTED_EDGE('',*,*,#1526,.F.);
#2044=ORIENTED_EDGE('',*,*,#1534,.T.);
#2045=ORIENTED_EDGE('',*,*,#1532,.F.);
#2046=ORIENTED_EDGE('',*,*,#1375,.F.);
#2047=ORIENTED_EDGE('',*,*,#1542,.T.);
#2048=ORIENTED_EDGE('',*,*,#1544,.T.);
#2049=ORIENTED_EDGE('',*,*,#1468,.F.);
#2050=ORIENTED_EDGE('',*,*,#1545,.T.);
#2051=ORIENTED_EDGE('',*,*,#1416,.T.);
#2052=ORIENTED_EDGE('',*,*,#1546,.T.);
#2053=ORIENTED_EDGE('',*,*,#1547,.T.);
#2054=ORIENTED_EDGE('',*,*,#1545,.F.);
#2055=ORIENTED_EDGE('',*,*,#1475,.T.);
#2056=ORIENTED_EDGE('',*,*,#1548,.T.);
#2057=ORIENTED_EDGE('',*,*,#1549,.T.);
#2058=ORIENTED_EDGE('',*,*,#1546,.F.);
#2059=ORIENTED_EDGE('',*,*,#1474,.F.);
#2060=ORIENTED_EDGE('',*,*,#1550,.T.);
#2061=ORIENTED_EDGE('',*,*,#1551,.T.);
#2062=ORIENTED_EDGE('',*,*,#1548,.F.);
#2063=ORIENTED_EDGE('',*,*,#1473,.T.);
#2064=ORIENTED_EDGE('',*,*,#1552,.T.);
#2065=ORIENTED_EDGE('',*,*,#1553,.T.);
#2066=ORIENTED_EDGE('',*,*,#1550,.F.);
#2067=ORIENTED_EDGE('',*,*,#1472,.F.);
#2068=ORIENTED_EDGE('',*,*,#1554,.T.);
#2069=ORIENTED_EDGE('',*,*,#1423,.T.);
#2070=ORIENTED_EDGE('',*,*,#1552,.F.);
#2071=ORIENTED_EDGE('',*,*,#1471,.T.);
#2072=ORIENTED_EDGE('',*,*,#1555,.T.);
#2073=ORIENTED_EDGE('',*,*,#1421,.T.);
#2074=ORIENTED_EDGE('',*,*,#1554,.F.);
#2075=ORIENTED_EDGE('',*,*,#1470,.F.);
#2076=ORIENTED_EDGE('',*,*,#1544,.F.);
#2077=ORIENTED_EDGE('',*,*,#1419,.T.);
#2078=ORIENTED_EDGE('',*,*,#1555,.F.);
#2079=ORIENTED_EDGE('',*,*,#1469,.T.);
#2080=ORIENTED_EDGE('',*,*,#1384,.T.);
#2081=ORIENTED_EDGE('',*,*,#1556,.F.);
#2082=ORIENTED_EDGE('',*,*,#1557,.T.);
#2083=ORIENTED_EDGE('',*,*,#1392,.T.);
#2084=ORIENTED_EDGE('',*,*,#1436,.T.);
#2085=ORIENTED_EDGE('',*,*,#1558,.T.);
#2086=ORIENTED_EDGE('',*,*,#1437,.T.);
#2087=ORIENTED_EDGE('',*,*,#1383,.T.);
#2088=ORIENTED_EDGE('',*,*,#1428,.T.);
#2089=ORIENTED_EDGE('',*,*,#1559,.T.);
#2090=ORIENTED_EDGE('',*,*,#1556,.T.);
#2091=ORIENTED_EDGE('',*,*,#1400,.T.);
#2092=ORIENTED_EDGE('',*,*,#1560,.F.);
#2093=ORIENTED_EDGE('',*,*,#1551,.F.);
#2094=ORIENTED_EDGE('',*,*,#1561,.T.);
#2095=ORIENTED_EDGE('',*,*,#1407,.T.);
#2096=ORIENTED_EDGE('',*,*,#1379,.T.);
#2097=ORIENTED_EDGE('',*,*,#1417,.F.);
#2098=ORIENTED_EDGE('',*,*,#1547,.F.);
#2099=ORIENTED_EDGE('',*,*,#1562,.T.);
#2100=ORIENTED_EDGE('',*,*,#1398,.T.);
#2101=ORIENTED_EDGE('',*,*,#1408,.T.);
#2102=ORIENTED_EDGE('',*,*,#1561,.F.);
#2103=ORIENTED_EDGE('',*,*,#1553,.F.);
#2104=ORIENTED_EDGE('',*,*,#1422,.T.);
#2105=ORIENTED_EDGE('',*,*,#1399,.T.);
#2106=ORIENTED_EDGE('',*,*,#1562,.F.);
#2107=ORIENTED_EDGE('',*,*,#1549,.F.);
#2108=ORIENTED_EDGE('',*,*,#1560,.T.);
#2109=ORIENTED_EDGE('',*,*,#1539,.F.);
#2110=ORIENTED_EDGE('',*,*,#1563,.T.);
#2111=ORIENTED_EDGE('',*,*,#1367,.T.);
#2112=ORIENTED_EDGE('',*,*,#1353,.T.);
#2113=ORIENTED_EDGE('',*,*,#1564,.T.);
#2114=ORIENTED_EDGE('',*,*,#1565,.T.);
#2115=ORIENTED_EDGE('',*,*,#1566,.T.);
#2116=ORIENTED_EDGE('',*,*,#1567,.T.);
#2117=ORIENTED_EDGE('',*,*,#1441,.T.);
#2118=ORIENTED_EDGE('',*,*,#1477,.T.);
#2119=ORIENTED_EDGE('',*,*,#1444,.T.);
#2120=ORIENTED_EDGE('',*,*,#1448,.T.);
#2121=ORIENTED_EDGE('',*,*,#1406,.T.);
#2122=ORIENTED_EDGE('',*,*,#1429,.F.);
#2123=ORIENTED_EDGE('',*,*,#1425,.F.);
#2124=ORIENTED_EDGE('',*,*,#1432,.F.);
#2125=ORIENTED_EDGE('',*,*,#1402,.T.);
#2126=ORIENTED_EDGE('',*,*,#1414,.T.);
#2127=ORIENTED_EDGE('',*,*,#1431,.F.);
#2128=ORIENTED_EDGE('',*,*,#1434,.F.);
#2129=ORIENTED_EDGE('',*,*,#1439,.F.);
#2130=ORIENTED_EDGE('',*,*,#1410,.T.);
#2131=ORIENTED_EDGE('',*,*,#1394,.T.);
#2132=ORIENTED_EDGE('',*,*,#1438,.F.);
#2133=ORIENTED_EDGE('',*,*,#1558,.F.);
#2134=ORIENTED_EDGE('',*,*,#1435,.F.);
#2135=ORIENTED_EDGE('',*,*,#1390,.T.);
#2136=ORIENTED_EDGE('',*,*,#1385,.T.);
#2137=ORIENTED_EDGE('',*,*,#1557,.F.);
#2138=ORIENTED_EDGE('',*,*,#1559,.F.);
#2139=ORIENTED_EDGE('',*,*,#1427,.F.);
#2140=ORIENTED_EDGE('',*,*,#1381,.T.);
#2141=ORIENTED_EDGE('',*,*,#1567,.F.);
#2142=ORIENTED_EDGE('',*,*,#1568,.T.);
#2143=ORIENTED_EDGE('',*,*,#1464,.F.);
#2144=ORIENTED_EDGE('',*,*,#1568,.F.);
#2145=ORIENTED_EDGE('',*,*,#1566,.F.);
#2146=ORIENTED_EDGE('',*,*,#1569,.T.);
#2147=ORIENTED_EDGE('',*,*,#1465,.F.);
#2148=ORIENTED_EDGE('',*,*,#1569,.F.);
#2149=ORIENTED_EDGE('',*,*,#1565,.F.);
#2150=ORIENTED_EDGE('',*,*,#1570,.T.);
#2151=ORIENTED_EDGE('',*,*,#1466,.F.);
#2152=ORIENTED_EDGE('',*,*,#1570,.F.);
#2153=ORIENTED_EDGE('',*,*,#1564,.F.);
#2154=ORIENTED_EDGE('',*,*,#1571,.T.);
#2155=ORIENTED_EDGE('',*,*,#1467,.F.);
#2156=ORIENTED_EDGE('',*,*,#1571,.F.);
#2157=ORIENTED_EDGE('',*,*,#1458,.T.);
#2158=ORIENTED_EDGE('',*,*,#1368,.T.);
#2159=ORIENTED_EDGE('',*,*,#1563,.F.);
#2160=ORIENTED_EDGE('',*,*,#1538,.F.);
#2161=ORIENTED_EDGE('',*,*,#1484,.T.);
#2162=ORIENTED_EDGE('',*,*,#1370,.F.);
#2163=ORIENTED_EDGE('',*,*,#1457,.F.);
#2164=ORIENTED_EDGE('',*,*,#1516,.F.);
#2165=ORIENTED_EDGE('',*,*,#1493,.T.);
#2166=ORIENTED_EDGE('',*,*,#1520,.F.);
#2167=ORIENTED_EDGE('',*,*,#1517,.F.);
#2168=ORIENTED_EDGE('',*,*,#1572,.F.);
#2169=ORIENTED_EDGE('',*,*,#1573,.F.);
#2170=ORIENTED_EDGE('',*,*,#1378,.T.);
#2171=ORIENTED_EDGE('',*,*,#1505,.T.);
#2172=ORIENTED_EDGE('',*,*,#1574,.T.);
#2173=ORIENTED_EDGE('',*,*,#1494,.F.);
#2174=ORIENTED_EDGE('',*,*,#1572,.T.);
#2175=ORIENTED_EDGE('',*,*,#1519,.F.);
#2176=ORIENTED_EDGE('',*,*,#1489,.T.);
#2177=ORIENTED_EDGE('',*,*,#1482,.F.);
#2178=ORIENTED_EDGE('',*,*,#1509,.T.);
#2179=ORIENTED_EDGE('',*,*,#1573,.T.);
#2180=ORIENTED_EDGE('',*,*,#1377,.F.);
#2181=ORIENTED_EDGE('',*,*,#1504,.T.);
#2182=ORIENTED_EDGE('',*,*,#1508,.F.);
#2183=ORIENTED_EDGE('',*,*,#1495,.F.);
#2184=ORIENTED_EDGE('',*,*,#1574,.F.);
#2185=ORIENTED_EDGE('',*,*,#1498,.T.);
#2186=ORIENTED_EDGE('',*,*,#1502,.F.);
#2187=ORIENTED_EDGE('',*,*,#1462,.F.);
#2188=ORIENTED_EDGE('',*,*,#1514,.F.);
#2189=ORIENTED_EDGE('',*,*,#1575,.F.);
#2190=ORIENTED_EDGE('',*,*,#1576,.T.);
#2191=ORIENTED_EDGE('',*,*,#1577,.F.);
#2192=ORIENTED_EDGE('',*,*,#1576,.F.);
#2193=ORIENTED_EDGE('',*,*,#1578,.F.);
#2194=ORIENTED_EDGE('',*,*,#1579,.F.);
#2195=ORIENTED_EDGE('',*,*,#1580,.T.);
#2196=ORIENTED_EDGE('',*,*,#1581,.F.);
#2197=ORIENTED_EDGE('',*,*,#1582,.F.);
#2198=ORIENTED_EDGE('',*,*,#1583,.T.);
#2199=ORIENTED_EDGE('',*,*,#1584,.F.);
#2200=ORIENTED_EDGE('',*,*,#1585,.T.);
#2201=ORIENTED_EDGE('',*,*,#1586,.F.);
#2202=ORIENTED_EDGE('',*,*,#1585,.F.);
#2203=ORIENTED_EDGE('',*,*,#1587,.F.);
#2204=ORIENTED_EDGE('',*,*,#1588,.F.);
#2205=ORIENTED_EDGE('',*,*,#1589,.T.);
#2206=ORIENTED_EDGE('',*,*,#1590,.F.);
#2207=ORIENTED_EDGE('',*,*,#1591,.F.);
#2208=ORIENTED_EDGE('',*,*,#1592,.F.);
#2209=ORIENTED_EDGE('',*,*,#1593,.F.);
#2210=ORIENTED_EDGE('',*,*,#1594,.T.);
#2211=ORIENTED_EDGE('',*,*,#1578,.T.);
#2212=ORIENTED_EDGE('',*,*,#1595,.F.);
#2213=ORIENTED_EDGE('',*,*,#1596,.T.);
#2214=ORIENTED_EDGE('',*,*,#1597,.T.);
#2215=ORIENTED_EDGE('',*,*,#1598,.T.);
#2216=ORIENTED_EDGE('',*,*,#1599,.F.);
#2217=ORIENTED_EDGE('',*,*,#1600,.F.);
#2218=ORIENTED_EDGE('',*,*,#1601,.F.);
#2219=ORIENTED_EDGE('',*,*,#1577,.T.);
#2220=ORIENTED_EDGE('',*,*,#1586,.T.);
#2221=ORIENTED_EDGE('',*,*,#1602,.T.);
#2222=ORIENTED_EDGE('',*,*,#1603,.T.);
#2223=ORIENTED_EDGE('',*,*,#1593,.T.);
#2224=ORIENTED_EDGE('',*,*,#1604,.T.);
#2225=ORIENTED_EDGE('',*,*,#1587,.T.);
#2226=ORIENTED_EDGE('',*,*,#1605,.T.);
#2227=ORIENTED_EDGE('',*,*,#1606,.T.);
#2228=ORIENTED_EDGE('',*,*,#1607,.T.);
#2229=ORIENTED_EDGE('',*,*,#1591,.T.);
#2230=ORIENTED_EDGE('',*,*,#1608,.F.);
#2231=ORIENTED_EDGE('',*,*,#1609,.T.);
#2232=ORIENTED_EDGE('',*,*,#1610,.T.);
#2233=ORIENTED_EDGE('',*,*,#1575,.T.);
#2234=ORIENTED_EDGE('',*,*,#1584,.T.);
#2235=ORIENTED_EDGE('',*,*,#1598,.F.);
#2236=ORIENTED_EDGE('',*,*,#1611,.F.);
#2237=ORIENTED_EDGE('',*,*,#1612,.F.);
#2238=ORIENTED_EDGE('',*,*,#1613,.T.);
#2239=ORIENTED_EDGE('',*,*,#1614,.F.);
#2240=ORIENTED_EDGE('',*,*,#1615,.T.);
#2241=ORIENTED_EDGE('',*,*,#1612,.T.);
#2242=ORIENTED_EDGE('',*,*,#1616,.T.);
#2243=ORIENTED_EDGE('',*,*,#1617,.T.);
#2244=ORIENTED_EDGE('',*,*,#1618,.T.);
#2245=ORIENTED_EDGE('',*,*,#1616,.F.);
#2246=ORIENTED_EDGE('',*,*,#1611,.T.);
#2247=ORIENTED_EDGE('',*,*,#1597,.F.);
#2248=ORIENTED_EDGE('',*,*,#1619,.T.);
#2249=ORIENTED_EDGE('',*,*,#1620,.T.);
#2250=ORIENTED_EDGE('',*,*,#1621,.F.);
#2251=ORIENTED_EDGE('',*,*,#1622,.T.);
#2252=ORIENTED_EDGE('',*,*,#1623,.T.);
#2253=ORIENTED_EDGE('',*,*,#1624,.T.);
#2254=ORIENTED_EDGE('',*,*,#1625,.T.);
#2255=ORIENTED_EDGE('',*,*,#1626,.T.);
#2256=ORIENTED_EDGE('',*,*,#1627,.T.);
#2257=ORIENTED_EDGE('',*,*,#1628,.T.);
#2258=ORIENTED_EDGE('',*,*,#1629,.T.);
#2259=ORIENTED_EDGE('',*,*,#1579,.T.);
#2260=ORIENTED_EDGE('',*,*,#1601,.T.);
#2261=ORIENTED_EDGE('',*,*,#1630,.T.);
#2262=ORIENTED_EDGE('',*,*,#1631,.T.);
#2263=ORIENTED_EDGE('',*,*,#1631,.F.);
#2264=ORIENTED_EDGE('',*,*,#1632,.F.);
#2265=ORIENTED_EDGE('',*,*,#1633,.F.);
#2266=ORIENTED_EDGE('',*,*,#1580,.F.);
#2267=ORIENTED_EDGE('',*,*,#1614,.T.);
#2268=ORIENTED_EDGE('',*,*,#1634,.T.);
#2269=ORIENTED_EDGE('',*,*,#1635,.T.);
#2270=ORIENTED_EDGE('',*,*,#1599,.T.);
#2271=ORIENTED_EDGE('',*,*,#1618,.F.);
#2272=ORIENTED_EDGE('',*,*,#1636,.F.);
#2273=ORIENTED_EDGE('',*,*,#1634,.F.);
#2274=ORIENTED_EDGE('',*,*,#1613,.F.);
#2275=ORIENTED_EDGE('',*,*,#1581,.T.);
#2276=ORIENTED_EDGE('',*,*,#1633,.T.);
#2277=ORIENTED_EDGE('',*,*,#1637,.T.);
#2278=ORIENTED_EDGE('',*,*,#1638,.T.);
#2279=ORIENTED_EDGE('',*,*,#1583,.F.);
#2280=ORIENTED_EDGE('',*,*,#1639,.T.);
#2281=ORIENTED_EDGE('',*,*,#1640,.F.);
#2282=ORIENTED_EDGE('',*,*,#1639,.F.);
#2283=ORIENTED_EDGE('',*,*,#1638,.F.);
#2284=ORIENTED_EDGE('',*,*,#1641,.F.);
#2285=ORIENTED_EDGE('',*,*,#1642,.F.);
#2286=ORIENTED_EDGE('',*,*,#1643,.T.);
#2287=ORIENTED_EDGE('',*,*,#1595,.T.);
#2288=ORIENTED_EDGE('',*,*,#1582,.T.);
#2289=ORIENTED_EDGE('',*,*,#1644,.T.);
#2290=ORIENTED_EDGE('',*,*,#1645,.T.);
#2291=ORIENTED_EDGE('',*,*,#1646,.T.);
#2292=ORIENTED_EDGE('',*,*,#1647,.T.);
#2293=ORIENTED_EDGE('',*,*,#1648,.T.);
#2294=ORIENTED_EDGE('',*,*,#1649,.T.);
#2295=ORIENTED_EDGE('',*,*,#1650,.T.);
#2296=ORIENTED_EDGE('',*,*,#1651,.T.);
#2297=ORIENTED_EDGE('',*,*,#1615,.F.);
#2298=ORIENTED_EDGE('',*,*,#1652,.T.);
#2299=ORIENTED_EDGE('',*,*,#1653,.F.);
#2300=ORIENTED_EDGE('',*,*,#1652,.F.);
#2301=ORIENTED_EDGE('',*,*,#1625,.F.);
#2302=ORIENTED_EDGE('',*,*,#1654,.T.);
#2303=ORIENTED_EDGE('',*,*,#1655,.T.);
#2304=ORIENTED_EDGE('',*,*,#1656,.T.);
#2305=ORIENTED_EDGE('',*,*,#1624,.F.);
#2306=ORIENTED_EDGE('',*,*,#1657,.F.);
#2307=ORIENTED_EDGE('',*,*,#1658,.F.);
#2308=ORIENTED_EDGE('',*,*,#1659,.F.);
#2309=ORIENTED_EDGE('',*,*,#1660,.F.);
#2310=ORIENTED_EDGE('',*,*,#1661,.F.);
#2311=ORIENTED_EDGE('',*,*,#1654,.F.);
#2312=ORIENTED_EDGE('',*,*,#1662,.F.);
#2313=ORIENTED_EDGE('',*,*,#1622,.F.);
#2314=ORIENTED_EDGE('',*,*,#1656,.F.);
#2315=ORIENTED_EDGE('',*,*,#1663,.F.);
#2316=ORIENTED_EDGE('',*,*,#1664,.F.);
#2317=ORIENTED_EDGE('',*,*,#1665,.F.);
#2318=ORIENTED_EDGE('',*,*,#1666,.F.);
#2319=ORIENTED_EDGE('',*,*,#1667,.F.);
#2320=ORIENTED_EDGE('',*,*,#1623,.F.);
#2321=ORIENTED_EDGE('',*,*,#1667,.T.);
#2322=ORIENTED_EDGE('',*,*,#1668,.T.);
#2323=ORIENTED_EDGE('',*,*,#1657,.T.);
#2324=ORIENTED_EDGE('',*,*,#1668,.F.);
#2325=ORIENTED_EDGE('',*,*,#1666,.T.);
#2326=ORIENTED_EDGE('',*,*,#1669,.T.);
#2327=ORIENTED_EDGE('',*,*,#1658,.T.);
#2328=ORIENTED_EDGE('',*,*,#1669,.F.);
#2329=ORIENTED_EDGE('',*,*,#1665,.T.);
#2330=ORIENTED_EDGE('',*,*,#1670,.T.);
#2331=ORIENTED_EDGE('',*,*,#1659,.T.);
#2332=ORIENTED_EDGE('',*,*,#1670,.F.);
#2333=ORIENTED_EDGE('',*,*,#1664,.T.);
#2334=ORIENTED_EDGE('',*,*,#1671,.T.);
#2335=ORIENTED_EDGE('',*,*,#1660,.T.);
#2336=ORIENTED_EDGE('',*,*,#1671,.F.);
#2337=ORIENTED_EDGE('',*,*,#1663,.T.);
#2338=ORIENTED_EDGE('',*,*,#1655,.F.);
#2339=ORIENTED_EDGE('',*,*,#1661,.T.);
#2340=ORIENTED_EDGE('',*,*,#1629,.F.);
#2341=ORIENTED_EDGE('',*,*,#1672,.T.);
#2342=ORIENTED_EDGE('',*,*,#1673,.T.);
#2343=ORIENTED_EDGE('',*,*,#1674,.T.);
#2344=ORIENTED_EDGE('',*,*,#1628,.F.);
#2345=ORIENTED_EDGE('',*,*,#1675,.F.);
#2346=ORIENTED_EDGE('',*,*,#1676,.F.);
#2347=ORIENTED_EDGE('',*,*,#1677,.F.);
#2348=ORIENTED_EDGE('',*,*,#1678,.F.);
#2349=ORIENTED_EDGE('',*,*,#1679,.F.);
#2350=ORIENTED_EDGE('',*,*,#1672,.F.);
#2351=ORIENTED_EDGE('',*,*,#1680,.F.);
#2352=ORIENTED_EDGE('',*,*,#1626,.F.);
#2353=ORIENTED_EDGE('',*,*,#1674,.F.);
#2354=ORIENTED_EDGE('',*,*,#1681,.F.);
#2355=ORIENTED_EDGE('',*,*,#1682,.F.);
#2356=ORIENTED_EDGE('',*,*,#1683,.F.);
#2357=ORIENTED_EDGE('',*,*,#1684,.F.);
#2358=ORIENTED_EDGE('',*,*,#1685,.F.);
#2359=ORIENTED_EDGE('',*,*,#1627,.F.);
#2360=ORIENTED_EDGE('',*,*,#1685,.T.);
#2361=ORIENTED_EDGE('',*,*,#1686,.T.);
#2362=ORIENTED_EDGE('',*,*,#1675,.T.);
#2363=ORIENTED_EDGE('',*,*,#1686,.F.);
#2364=ORIENTED_EDGE('',*,*,#1684,.T.);
#2365=ORIENTED_EDGE('',*,*,#1687,.T.);
#2366=ORIENTED_EDGE('',*,*,#1676,.T.);
#2367=ORIENTED_EDGE('',*,*,#1687,.F.);
#2368=ORIENTED_EDGE('',*,*,#1683,.T.);
#2369=ORIENTED_EDGE('',*,*,#1688,.T.);
#2370=ORIENTED_EDGE('',*,*,#1677,.T.);
#2371=ORIENTED_EDGE('',*,*,#1688,.F.);
#2372=ORIENTED_EDGE('',*,*,#1682,.T.);
#2373=ORIENTED_EDGE('',*,*,#1689,.T.);
#2374=ORIENTED_EDGE('',*,*,#1678,.T.);
#2375=ORIENTED_EDGE('',*,*,#1689,.F.);
#2376=ORIENTED_EDGE('',*,*,#1681,.T.);
#2377=ORIENTED_EDGE('',*,*,#1673,.F.);
#2378=ORIENTED_EDGE('',*,*,#1679,.T.);
#2379=ORIENTED_EDGE('',*,*,#1651,.F.);
#2380=ORIENTED_EDGE('',*,*,#1690,.T.);
#2381=ORIENTED_EDGE('',*,*,#1691,.T.);
#2382=ORIENTED_EDGE('',*,*,#1692,.T.);
#2383=ORIENTED_EDGE('',*,*,#1650,.F.);
#2384=ORIENTED_EDGE('',*,*,#1693,.F.);
#2385=ORIENTED_EDGE('',*,*,#1694,.F.);
#2386=ORIENTED_EDGE('',*,*,#1695,.F.);
#2387=ORIENTED_EDGE('',*,*,#1696,.F.);
#2388=ORIENTED_EDGE('',*,*,#1697,.F.);
#2389=ORIENTED_EDGE('',*,*,#1690,.F.);
#2390=ORIENTED_EDGE('',*,*,#1698,.F.);
#2391=ORIENTED_EDGE('',*,*,#1648,.F.);
#2392=ORIENTED_EDGE('',*,*,#1692,.F.);
#2393=ORIENTED_EDGE('',*,*,#1699,.F.);
#2394=ORIENTED_EDGE('',*,*,#1700,.F.);
#2395=ORIENTED_EDGE('',*,*,#1701,.F.);
#2396=ORIENTED_EDGE('',*,*,#1702,.F.);
#2397=ORIENTED_EDGE('',*,*,#1703,.F.);
#2398=ORIENTED_EDGE('',*,*,#1649,.F.);
#2399=ORIENTED_EDGE('',*,*,#1703,.T.);
#2400=ORIENTED_EDGE('',*,*,#1704,.T.);
#2401=ORIENTED_EDGE('',*,*,#1693,.T.);
#2402=ORIENTED_EDGE('',*,*,#1704,.F.);
#2403=ORIENTED_EDGE('',*,*,#1702,.T.);
#2404=ORIENTED_EDGE('',*,*,#1705,.T.);
#2405=ORIENTED_EDGE('',*,*,#1694,.T.);
#2406=ORIENTED_EDGE('',*,*,#1705,.F.);
#2407=ORIENTED_EDGE('',*,*,#1701,.T.);
#2408=ORIENTED_EDGE('',*,*,#1706,.T.);
#2409=ORIENTED_EDGE('',*,*,#1695,.T.);
#2410=ORIENTED_EDGE('',*,*,#1706,.F.);
#2411=ORIENTED_EDGE('',*,*,#1700,.T.);
#2412=ORIENTED_EDGE('',*,*,#1707,.T.);
#2413=ORIENTED_EDGE('',*,*,#1696,.T.);
#2414=ORIENTED_EDGE('',*,*,#1707,.F.);
#2415=ORIENTED_EDGE('',*,*,#1699,.T.);
#2416=ORIENTED_EDGE('',*,*,#1691,.F.);
#2417=ORIENTED_EDGE('',*,*,#1697,.T.);
#2418=ORIENTED_EDGE('',*,*,#1646,.F.);
#2419=ORIENTED_EDGE('',*,*,#1708,.F.);
#2420=ORIENTED_EDGE('',*,*,#1709,.F.);
#2421=ORIENTED_EDGE('',*,*,#1710,.F.);
#2422=ORIENTED_EDGE('',*,*,#1711,.F.);
#2423=ORIENTED_EDGE('',*,*,#1712,.F.);
#2424=ORIENTED_EDGE('',*,*,#1713,.F.);
#2425=ORIENTED_EDGE('',*,*,#1647,.F.);
#2426=ORIENTED_EDGE('',*,*,#1713,.T.);
#2427=ORIENTED_EDGE('',*,*,#1714,.F.);
#2428=ORIENTED_EDGE('',*,*,#1715,.T.);
#2429=ORIENTED_EDGE('',*,*,#1645,.F.);
#2430=ORIENTED_EDGE('',*,*,#1716,.T.);
#2431=ORIENTED_EDGE('',*,*,#1717,.F.);
#2432=ORIENTED_EDGE('',*,*,#1708,.T.);
#2433=ORIENTED_EDGE('',*,*,#1717,.T.);
#2434=ORIENTED_EDGE('',*,*,#1718,.T.);
#2435=ORIENTED_EDGE('',*,*,#1719,.F.);
#2436=ORIENTED_EDGE('',*,*,#1709,.T.);
#2437=ORIENTED_EDGE('',*,*,#1714,.T.);
#2438=ORIENTED_EDGE('',*,*,#1712,.T.);
#2439=ORIENTED_EDGE('',*,*,#1720,.T.);
#2440=ORIENTED_EDGE('',*,*,#1721,.T.);
#2441=ORIENTED_EDGE('',*,*,#1644,.F.);
#2442=ORIENTED_EDGE('',*,*,#1715,.F.);
#2443=ORIENTED_EDGE('',*,*,#1721,.F.);
#2444=ORIENTED_EDGE('',*,*,#1722,.F.);
#2445=ORIENTED_EDGE('',*,*,#1723,.F.);
#2446=ORIENTED_EDGE('',*,*,#1718,.F.);
#2447=ORIENTED_EDGE('',*,*,#1716,.F.);
#2448=ORIENTED_EDGE('',*,*,#1724,.F.);
#2449=ORIENTED_EDGE('',*,*,#1725,.T.);
#2450=ORIENTED_EDGE('',*,*,#1722,.T.);
#2451=ORIENTED_EDGE('',*,*,#1720,.F.);
#2452=ORIENTED_EDGE('',*,*,#1711,.T.);
#2453=ORIENTED_EDGE('',*,*,#1719,.T.);
#2454=ORIENTED_EDGE('',*,*,#1723,.T.);
#2455=ORIENTED_EDGE('',*,*,#1725,.F.);
#2456=ORIENTED_EDGE('',*,*,#1710,.T.);
#2457=ORIENTED_EDGE('',*,*,#1726,.F.);
#2458=ORIENTED_EDGE('',*,*,#1727,.T.);
#2459=ORIENTED_EDGE('',*,*,#1662,.T.);
#2460=ORIENTED_EDGE('',*,*,#1727,.F.);
#2461=ORIENTED_EDGE('',*,*,#1728,.F.);
#2462=ORIENTED_EDGE('',*,*,#1729,.T.);
#2463=ORIENTED_EDGE('',*,*,#1698,.T.);
#2464=ORIENTED_EDGE('',*,*,#1729,.F.);
#2465=ORIENTED_EDGE('',*,*,#1730,.F.);
#2466=ORIENTED_EDGE('',*,*,#1731,.T.);
#2467=ORIENTED_EDGE('',*,*,#1680,.T.);
#2468=ORIENTED_EDGE('',*,*,#1731,.F.);
#2469=ORIENTED_EDGE('',*,*,#1732,.F.);
#2470=ORIENTED_EDGE('',*,*,#1733,.T.);
#2471=ORIENTED_EDGE('',*,*,#1724,.T.);
#2472=ORIENTED_EDGE('',*,*,#1733,.F.);
#2473=ORIENTED_EDGE('',*,*,#1606,.F.);
#2474=ORIENTED_EDGE('',*,*,#1734,.F.);
#2475=ORIENTED_EDGE('',*,*,#1602,.F.);
#2476=ORIENTED_EDGE('',*,*,#1735,.T.);
#2477=ORIENTED_EDGE('',*,*,#1607,.F.);
#2478=ORIENTED_EDGE('',*,*,#1735,.F.);
#2479=ORIENTED_EDGE('',*,*,#1604,.F.);
#2480=ORIENTED_EDGE('',*,*,#1592,.T.);
#2481=ORIENTED_EDGE('',*,*,#1605,.F.);
#2482=ORIENTED_EDGE('',*,*,#1594,.F.);
#2483=ORIENTED_EDGE('',*,*,#1603,.F.);
#2484=ORIENTED_EDGE('',*,*,#1734,.T.);
#2485=ORIENTED_EDGE('',*,*,#1588,.T.);
#2486=ORIENTED_EDGE('',*,*,#1610,.F.);
#2487=ORIENTED_EDGE('',*,*,#1736,.T.);
#2488=ORIENTED_EDGE('',*,*,#1737,.T.);
#2489=ORIENTED_EDGE('',*,*,#1590,.T.);
#2490=ORIENTED_EDGE('',*,*,#1738,.F.);
#2491=ORIENTED_EDGE('',*,*,#1739,.T.);
#2492=ORIENTED_EDGE('',*,*,#1608,.T.);
#2493=ORIENTED_EDGE('',*,*,#1740,.T.);
#2494=ORIENTED_EDGE('',*,*,#1642,.T.);
#2495=ORIENTED_EDGE('',*,*,#1741,.F.);
#2496=ORIENTED_EDGE('',*,*,#1620,.F.);
#2497=ORIENTED_EDGE('',*,*,#1742,.T.);
#2498=ORIENTED_EDGE('',*,*,#1738,.T.);
#2499=ORIENTED_EDGE('',*,*,#1589,.F.);
#2500=ORIENTED_EDGE('',*,*,#1737,.F.);
#2501=ORIENTED_EDGE('',*,*,#1600,.T.);
#2502=ORIENTED_EDGE('',*,*,#1635,.F.);
#2503=ORIENTED_EDGE('',*,*,#1636,.T.);
#2504=ORIENTED_EDGE('',*,*,#1617,.F.);
#2505=ORIENTED_EDGE('',*,*,#1621,.T.);
#2506=ORIENTED_EDGE('',*,*,#1741,.T.);
#2507=ORIENTED_EDGE('',*,*,#1641,.T.);
#2508=ORIENTED_EDGE('',*,*,#1637,.F.);
#2509=ORIENTED_EDGE('',*,*,#1632,.T.);
#2510=ORIENTED_EDGE('',*,*,#1630,.F.);
#2511=ORIENTED_EDGE('',*,*,#1640,.T.);
#2512=ORIENTED_EDGE('',*,*,#1653,.T.);
#2513=ORIENTED_EDGE('',*,*,#1643,.F.);
#2514=ORIENTED_EDGE('',*,*,#1740,.F.);
#2515=ORIENTED_EDGE('',*,*,#1736,.F.);
#2516=ORIENTED_EDGE('',*,*,#1609,.F.);
#2517=ORIENTED_EDGE('',*,*,#1739,.F.);
#2518=ORIENTED_EDGE('',*,*,#1742,.F.);
#2519=ORIENTED_EDGE('',*,*,#1619,.F.);
#2520=ORIENTED_EDGE('',*,*,#1596,.F.);
#2521=ORIENTED_EDGE('',*,*,#1726,.T.);
#2522=ORIENTED_EDGE('',*,*,#1728,.T.);
#2523=ORIENTED_EDGE('',*,*,#1730,.T.);
#2524=ORIENTED_EDGE('',*,*,#1732,.T.);
#2525=PLANE('',#2751);
#2526=PLANE('',#2752);
#2527=PLANE('',#2761);
#2528=PLANE('',#2762);
#2529=PLANE('',#2765);
#2530=PLANE('',#2768);
#2531=PLANE('',#2771);
#2532=PLANE('',#2774);
#2533=PLANE('',#2777);
#2534=PLANE('',#2803);
#2535=PLANE('',#2804);
#2536=PLANE('',#2805);
#2537=PLANE('',#2806);
#2538=PLANE('',#2820);
#2539=PLANE('',#2826);
#2540=PLANE('',#2828);
#2541=PLANE('',#2834);
#2542=PLANE('',#2838);
#2543=PLANE('',#2839);
#2544=PLANE('',#2840);
#2545=PLANE('',#2841);
#2546=PLANE('',#2842);
#2547=PLANE('',#2845);
#2548=PLANE('',#2847);
#2549=PLANE('',#2860);
#2550=PLANE('',#2861);
#2551=PLANE('',#2866);
#2552=PLANE('',#2888);
#2553=PLANE('',#2889);
#2554=PLANE('',#2890);
#2555=PLANE('',#2899);
#2556=PLANE('',#2900);
#2557=PLANE('',#2901);
#2558=PLANE('',#2902);
#2559=PLANE('',#2905);
#2560=PLANE('',#2910);
#2561=PLANE('',#2918);
#2562=PLANE('',#2919);
#2563=PLANE('',#2920);
#2564=PLANE('',#2921);
#2565=PLANE('',#2928);
#2566=PLANE('',#2941);
#2567=PLANE('',#2944);
#2568=PLANE('',#2945);
#2569=PLANE('',#2947);
#2570=PLANE('',#2948);
#2571=PLANE('',#2949);
#2572=PLANE('',#2950);
#2573=PLANE('',#2951);
#2574=PLANE('',#2952);
#2575=PLANE('',#2953);
#2576=PLANE('',#2954);
#2577=PLANE('',#2956);
#2578=PLANE('',#2957);
#2579=PLANE('',#2958);
#2580=PLANE('',#2959);
#2581=PLANE('',#2960);
#2582=PLANE('',#2961);
#2583=PLANE('',#2962);
#2584=PLANE('',#2963);
#2585=PLANE('',#2965);
#2586=PLANE('',#2966);
#2587=PLANE('',#2967);
#2588=PLANE('',#2968);
#2589=PLANE('',#2969);
#2590=PLANE('',#2970);
#2591=PLANE('',#2971);
#2592=PLANE('',#2972);
#2593=PLANE('',#2973);
#2594=PLANE('',#2974);
#2595=PLANE('',#2975);
#2596=PLANE('',#2976);
#2597=PLANE('',#2978);
#2598=PLANE('',#2979);
#2599=PLANE('',#2988);
#2600=PLANE('',#2989);
#2601=PLANE('',#2990);
#2602=PLANE('',#2991);
#2603=PLANE('',#2992);
#2604=PLANE('',#2993);
#2605=PLANE('',#2994);
#2606=PLANE('',#2995);
#2607=ADVANCED_FACE('',(#236),#2525,.F.);
#2608=ADVANCED_FACE('',(#237,#102,#103),#2526,.T.);
#2609=ADVANCED_FACE('',(#238,#104),#2527,.T.);
#2610=ADVANCED_FACE('',(#239),#2528,.F.);
#2611=ADVANCED_FACE('',(#240),#2529,.F.);
#2612=ADVANCED_FACE('',(#241),#2530,.F.);
#2613=ADVANCED_FACE('',(#242),#2531,.F.);
#2614=ADVANCED_FACE('',(#243),#2532,.T.);
#2615=ADVANCED_FACE('',(#244),#30,.F.);
#2616=ADVANCED_FACE('',(#245),#2533,.T.);
#2617=ADVANCED_FACE('',(#246),#31,.F.);
#2618=ADVANCED_FACE('',(#247),#32,.T.);
#2619=ADVANCED_FACE('',(#248),#21,.T.);
#2620=ADVANCED_FACE('',(#249),#22,.T.);
#2621=ADVANCED_FACE('',(#250),#23,.T.);
#2622=ADVANCED_FACE('',(#251),#24,.T.);
#2623=ADVANCED_FACE('',(#252),#33,.T.);
#2624=ADVANCED_FACE('',(#253),#25,.T.);
#2625=ADVANCED_FACE('',(#254),#26,.T.);
#2626=ADVANCED_FACE('',(#255),#27,.T.);
#2627=ADVANCED_FACE('',(#256),#2534,.F.);
#2628=ADVANCED_FACE('',(#257),#2535,.F.);
#2629=ADVANCED_FACE('',(#258),#2536,.F.);
#2630=ADVANCED_FACE('',(#259,#105,#106,#107,#108,#109,#110),#2537,.F.);
#2631=ADVANCED_FACE('',(#260),#34,.F.);
#2632=ADVANCED_FACE('',(#261),#2538,.T.);
#2633=ADVANCED_FACE('',(#262),#2539,.F.);
#2634=ADVANCED_FACE('',(#263),#35,.T.);
#2635=ADVANCED_FACE('',(#264),#2540,.T.);
#2636=ADVANCED_FACE('',(#265),#36,.T.);
#2637=ADVANCED_FACE('',(#266),#2541,.F.);
#2638=ADVANCED_FACE('',(#267),#37,.F.);
#2639=ADVANCED_FACE('',(#268),#2542,.F.);
#2640=ADVANCED_FACE('',(#269),#2543,.F.);
#2641=ADVANCED_FACE('',(#270),#2544,.F.);
#2642=ADVANCED_FACE('',(#271),#2545,.F.);
#2643=ADVANCED_FACE('',(#272),#2546,.F.);
#2644=ADVANCED_FACE('',(#273),#38,.F.);
#2645=ADVANCED_FACE('',(#274),#39,.F.);
#2646=ADVANCED_FACE('',(#275),#2547,.F.);
#2647=ADVANCED_FACE('',(#276),#2548,.T.);
#2648=ADVANCED_FACE('',(#277),#40,.F.);
#2649=ADVANCED_FACE('',(#278),#41,.F.);
#2650=ADVANCED_FACE('',(#279),#42,.T.);
#2651=ADVANCED_FACE('',(#280),#43,.F.);
#2652=ADVANCED_FACE('',(#281),#44,.T.);
#2653=ADVANCED_FACE('',(#282),#45,.F.);
#2654=ADVANCED_FACE('',(#283),#2549,.T.);
#2655=ADVANCED_FACE('',(#284,#111),#2550,.F.);
#2656=ADVANCED_FACE('',(#285),#46,.F.);
#2657=ADVANCED_FACE('',(#286),#47,.F.);
#2658=ADVANCED_FACE('',(#287,#112),#2551,.F.);
#2659=ADVANCED_FACE('',(#288),#48,.T.);
#2660=ADVANCED_FACE('',(#289),#17,.F.);
#2661=ADVANCED_FACE('',(#290),#49,.T.);
#2662=ADVANCED_FACE('',(#291),#18,.F.);
#2663=ADVANCED_FACE('',(#292),#50,.T.);
#2664=ADVANCED_FACE('',(#293),#19,.F.);
#2665=ADVANCED_FACE('',(#294),#51,.T.);
#2666=ADVANCED_FACE('',(#295),#20,.F.);
#2667=ADVANCED_FACE('',(#296),#28,.T.);
#2668=ADVANCED_FACE('',(#297),#52,.T.);
#2669=ADVANCED_FACE('',(#298),#53,.T.);
#2670=ADVANCED_FACE('',(#299),#54,.F.);
#2671=ADVANCED_FACE('',(#300),#55,.F.);
#2672=ADVANCED_FACE('',(#301),#2552,.T.);
#2673=ADVANCED_FACE('',(#302),#2553,.T.);
#2674=ADVANCED_FACE('',(#303,#113,#114,#115,#116,#117,#118),#2554,.F.);
#2675=ADVANCED_FACE('',(#304),#56,.F.);
#2676=ADVANCED_FACE('',(#305),#57,.F.);
#2677=ADVANCED_FACE('',(#306),#58,.F.);
#2678=ADVANCED_FACE('',(#307),#59,.F.);
#2679=ADVANCED_FACE('',(#308),#2555,.T.);
#2680=ADVANCED_FACE('',(#309),#2556,.F.);
#2681=ADVANCED_FACE('',(#310),#2557,.F.);
#2682=ADVANCED_FACE('',(#311),#2558,.T.);
#2683=ADVANCED_FACE('',(#312),#60,.F.);
#2684=ADVANCED_FACE('',(#313),#29,.F.);
#2685=ADVANCED_FACE('',(#314),#2559,.F.);
#2686=ADVANCED_FACE('',(#315),#61,.F.);
#2687=ADVANCED_FACE('',(#316),#62,.F.);
#2688=ADVANCED_FACE('',(#317,#119),#2560,.F.);
#2689=ADVANCED_FACE('',(#318),#63,.F.);
#2690=ADVANCED_FACE('',(#319),#2561,.F.);
#2691=ADVANCED_FACE('',(#320,#120,#121,#122),#2562,.T.);
#2692=ADVANCED_FACE('',(#321,#123,#124),#2563,.T.);
#2693=ADVANCED_FACE('',(#322,#125),#2564,.F.);
#2694=ADVANCED_FACE('',(#323),#64,.F.);
#2695=ADVANCED_FACE('',(#324,#126,#127),#2565,.T.);
#2696=ADVANCED_FACE('',(#325),#65,.F.);
#2697=ADVANCED_FACE('',(#326),#66,.T.);
#2698=ADVANCED_FACE('',(#327),#67,.F.);
#2699=ADVANCED_FACE('',(#328),#68,.T.);
#2700=ADVANCED_FACE('',(#329),#69,.F.);
#2701=ADVANCED_FACE('',(#330),#70,.F.);
#2702=ADVANCED_FACE('',(#331,#128,#129),#2566,.T.);
#2703=ADVANCED_FACE('',(#332),#71,.F.);
#2704=ADVANCED_FACE('',(#333),#2567,.F.);
#2705=ADVANCED_FACE('',(#334,#130),#2568,.F.);
#2706=ADVANCED_FACE('',(#335),#2569,.F.);
#2707=ADVANCED_FACE('',(#336),#2570,.F.);
#2708=ADVANCED_FACE('',(#337),#2571,.F.);
#2709=ADVANCED_FACE('',(#338),#2572,.F.);
#2710=ADVANCED_FACE('',(#339),#2573,.F.);
#2711=ADVANCED_FACE('',(#340),#2574,.F.);
#2712=ADVANCED_FACE('',(#341),#2575,.F.);
#2713=ADVANCED_FACE('',(#342,#131),#2576,.F.);
#2714=ADVANCED_FACE('',(#343),#2577,.F.);
#2715=ADVANCED_FACE('',(#344),#2578,.F.);
#2716=ADVANCED_FACE('',(#345),#2579,.F.);
#2717=ADVANCED_FACE('',(#346),#2580,.F.);
#2718=ADVANCED_FACE('',(#347),#2581,.F.);
#2719=ADVANCED_FACE('',(#348),#2582,.F.);
#2720=ADVANCED_FACE('',(#349),#2583,.F.);
#2721=ADVANCED_FACE('',(#350,#132),#2584,.F.);
#2722=ADVANCED_FACE('',(#351),#2585,.F.);
#2723=ADVANCED_FACE('',(#352),#2586,.F.);
#2724=ADVANCED_FACE('',(#353),#2587,.F.);
#2725=ADVANCED_FACE('',(#354),#2588,.F.);
#2726=ADVANCED_FACE('',(#355),#2589,.F.);
#2727=ADVANCED_FACE('',(#356),#2590,.F.);
#2728=ADVANCED_FACE('',(#357),#2591,.F.);
#2729=ADVANCED_FACE('',(#358),#2592,.F.);
#2730=ADVANCED_FACE('',(#359),#2593,.F.);
#2731=ADVANCED_FACE('',(#360),#2594,.F.);
#2732=ADVANCED_FACE('',(#361),#2595,.F.);
#2733=ADVANCED_FACE('',(#362,#133),#2596,.F.);
#2734=ADVANCED_FACE('',(#363),#2597,.F.);
#2735=ADVANCED_FACE('',(#364),#2598,.F.);
#2736=ADVANCED_FACE('',(#365),#72,.F.);
#2737=ADVANCED_FACE('',(#366),#73,.F.);
#2738=ADVANCED_FACE('',(#367),#74,.F.);
#2739=ADVANCED_FACE('',(#368),#75,.F.);
#2740=ADVANCED_FACE('',(#369),#2599,.F.);
#2741=ADVANCED_FACE('',(#370),#2600,.F.);
#2742=ADVANCED_FACE('',(#371),#2601,.F.);
#2743=ADVANCED_FACE('',(#372),#2602,.T.);
#2744=ADVANCED_FACE('',(#373),#2603,.T.);
#2745=ADVANCED_FACE('',(#374),#2604,.T.);
#2746=ADVANCED_FACE('',(#375,#134,#135),#2605,.T.);
#2747=ADVANCED_FACE('',(#376,#136,#137,#138,#139),#2606,.F.);
#2748=CLOSED_SHELL('',(#2607,#2608,#2609,#2610,#2611,#2612,#2613,#2614,
#2615,#2616,#2617,#2618,#2619,#2620,#2621,#2622,#2623,#2624,#2625,#2626,
#2627,#2628,#2629,#2630,#2631,#2632,#2633,#2634,#2635,#2636,#2637,#2638,
#2639,#2640,#2641,#2642,#2643,#2644,#2645,#2646,#2647,#2648,#2649,#2650,
#2651,#2652,#2653,#2654,#2655,#2656,#2657,#2658,#2659,#2660,#2661,#2662,
#2663,#2664,#2665,#2666,#2667,#2668,#2669,#2670,#2671,#2672,#2673,#2674,
#2675,#2676,#2677,#2678,#2679,#2680,#2681,#2682,#2683,#2684,#2685,#2686));
#2749=CLOSED_SHELL('',(#2687,#2688,#2689,#2690,#2691,#2692,#2693,#2694,
#2695,#2696,#2697,#2698,#2699,#2700,#2701,#2702,#2703,#2704,#2705,#2706,
#2707,#2708,#2709,#2710,#2711,#2712,#2713,#2714,#2715,#2716,#2717,#2718,
#2719,#2720,#2721,#2722,#2723,#2724,#2725,#2726,#2727,#2728,#2729,#2730,
#2731,#2732,#2733,#2734,#2735,#2736,#2737,#2738,#2739,#2740,#2741,#2742,
#2743,#2744,#2745,#2746,#2747));
#2750=AXIS2_PLACEMENT_3D('',#3757,#2996,#2997);
#2751=AXIS2_PLACEMENT_3D('',#3758,#2998,#2999);
#2752=AXIS2_PLACEMENT_3D('',#3767,#3004,#3005);
#2753=AXIS2_PLACEMENT_3D('',#3771,#3007,#3008);
#2754=AXIS2_PLACEMENT_3D('',#3773,#3009,#3010);
#2755=AXIS2_PLACEMENT_3D('',#3775,#3011,#3012);
#2756=AXIS2_PLACEMENT_3D('',#3779,#3014,#3015);
#2757=AXIS2_PLACEMENT_3D('',#3781,#3016,#3017);
#2758=AXIS2_PLACEMENT_3D('',#3783,#3018,#3019);
#2759=AXIS2_PLACEMENT_3D('',#3786,#3021,#3022);
#2760=AXIS2_PLACEMENT_3D('',#3788,#3023,#3024);
#2761=AXIS2_PLACEMENT_3D('',#3789,#3025,#3026);
#2762=AXIS2_PLACEMENT_3D('',#3819,#3038,#3039);
#2763=AXIS2_PLACEMENT_3D('',#3822,#3040,#3041);
#2764=AXIS2_PLACEMENT_3D('',#3848,#3047,#3048);
#2765=AXIS2_PLACEMENT_3D('',#3850,#3050,#3051);
#2766=AXIS2_PLACEMENT_3D('',#3852,#3052,#3053);
#2767=AXIS2_PLACEMENT_3D('',#3876,#3058,#3059);
#2768=AXIS2_PLACEMENT_3D('',#3878,#3061,#3062);
#2769=AXIS2_PLACEMENT_3D('',#3880,#3063,#3064);
#2770=AXIS2_PLACEMENT_3D('',#3884,#3066,#3067);
#2771=AXIS2_PLACEMENT_3D('',#3906,#3072,#3073);
#2772=AXIS2_PLACEMENT_3D('',#3908,#3074,#3075);
#2773=AXIS2_PLACEMENT_3D('',#3911,#3077,#3078);
#2774=AXIS2_PLACEMENT_3D('',#3931,#3082,#3083);
#2775=AXIS2_PLACEMENT_3D('',#3937,#3087,#3088);
#2776=AXIS2_PLACEMENT_3D('',#3940,#3090,#3091);
#2777=AXIS2_PLACEMENT_3D('',#3941,#3092,#3093);
#2778=AXIS2_PLACEMENT_3D('',#3945,#3096,#3097);
#2779=AXIS2_PLACEMENT_3D('',#3948,#3099,#3100);
#2780=AXIS2_PLACEMENT_3D('',#3949,#3101,#3102);
#2781=AXIS2_PLACEMENT_3D('',#3951,#3103,#3104);
#2782=AXIS2_PLACEMENT_3D('',#3954,#3106,#3107);
#2783=AXIS2_PLACEMENT_3D('',#3955,#3108,#3109);
#2784=AXIS2_PLACEMENT_3D('',#3957,#3110,#3111);
#2785=AXIS2_PLACEMENT_3D('',#3958,#3112,#3113);
#2786=AXIS2_PLACEMENT_3D('',#3959,#3114,#3115);
#2787=AXIS2_PLACEMENT_3D('',#3960,#3116,#3117);
#2788=AXIS2_PLACEMENT_3D('',#3961,#3118,#3119);
#2789=AXIS2_PLACEMENT_3D('',#3963,#3120,#3121);
#2790=AXIS2_PLACEMENT_3D('',#3964,#3122,#3123);
#2791=AXIS2_PLACEMENT_3D('',#3965,#3124,#3125);
#2792=AXIS2_PLACEMENT_3D('',#3966,#3126,#3127);
#2793=AXIS2_PLACEMENT_3D('',#3967,#3128,#3129);
#2794=AXIS2_PLACEMENT_3D('',#3969,#3130,#3131);
#2795=AXIS2_PLACEMENT_3D('',#3971,#3133,#3134);
#2796=AXIS2_PLACEMENT_3D('',#3973,#3135,#3136);
#2797=AXIS2_PLACEMENT_3D('',#3974,#3137,#3138);
#2798=AXIS2_PLACEMENT_3D('',#3975,#3139,#3140);
#2799=AXIS2_PLACEMENT_3D('',#3977,#3141,#3142);
#2800=AXIS2_PLACEMENT_3D('',#3978,#3143,#3144);
#2801=AXIS2_PLACEMENT_3D('',#3979,#3145,#3146);
#2802=AXIS2_PLACEMENT_3D('',#3980,#3147,#3148);
#2803=AXIS2_PLACEMENT_3D('',#3981,#3149,#3150);
#2804=AXIS2_PLACEMENT_3D('',#3990,#3155,#3156);
#2805=AXIS2_PLACEMENT_3D('',#3999,#3161,#3162);
#2806=AXIS2_PLACEMENT_3D('',#4002,#3165,#3166);
#2807=AXIS2_PLACEMENT_3D('',#4005,#3167,#3168);
#2808=AXIS2_PLACEMENT_3D('',#4007,#3169,#3170);
#2809=AXIS2_PLACEMENT_3D('',#4009,#3171,#3172);
#2810=AXIS2_PLACEMENT_3D('',#4017,#3176,#3177);
#2811=AXIS2_PLACEMENT_3D('',#4028,#3183,#3184);
#2812=AXIS2_PLACEMENT_3D('',#4029,#3185,#3186);
#2813=AXIS2_PLACEMENT_3D('',#4031,#3187,#3188);
#2814=AXIS2_PLACEMENT_3D('',#4033,#3189,#3190);
#2815=AXIS2_PLACEMENT_3D('',#4035,#3191,#3192);
#2816=AXIS2_PLACEMENT_3D('',#4037,#3193,#3194);
#2817=AXIS2_PLACEMENT_3D('',#4070,#3199,#3200);
#2818=AXIS2_PLACEMENT_3D('',#4071,#3201,#3202);
#2819=AXIS2_PLACEMENT_3D('',#4072,#3203,#3204);
#2820=AXIS2_PLACEMENT_3D('',#4073,#3205,#3206);
#2821=AXIS2_PLACEMENT_3D('',#4076,#3207,#3208);
#2822=AXIS2_PLACEMENT_3D('',#4078,#3209,#3210);
#2823=AXIS2_PLACEMENT_3D('',#4080,#3211,#3212);
#2824=AXIS2_PLACEMENT_3D('',#4084,#3214,#3215);
#2825=AXIS2_PLACEMENT_3D('',#4089,#3218,#3219);
#2826=AXIS2_PLACEMENT_3D('',#4095,#3223,#3224);
#2827=AXIS2_PLACEMENT_3D('',#4099,#3227,#3228);
#2828=AXIS2_PLACEMENT_3D('',#4102,#3231,#3232);
#2829=AXIS2_PLACEMENT_3D('',#4107,#3234,#3235);
#2830=AXIS2_PLACEMENT_3D('',#4111,#3237,#3238);
#2831=AXIS2_PLACEMENT_3D('',#4113,#3239,#3240);
#2832=AXIS2_PLACEMENT_3D('',#4115,#3241,#3242);
#2833=AXIS2_PLACEMENT_3D('',#4119,#3245,#3246);
#2834=AXIS2_PLACEMENT_3D('',#4122,#3249,#3250);
#2835=AXIS2_PLACEMENT_3D('',#4125,#3251,#3252);
#2836=AXIS2_PLACEMENT_3D('',#4129,#3254,#3255);
#2837=AXIS2_PLACEMENT_3D('',#4131,#3257,#3258);
#2838=AXIS2_PLACEMENT_3D('',#4134,#3261,#3262);
#2839=AXIS2_PLACEMENT_3D('',#4136,#3264,#3265);
#2840=AXIS2_PLACEMENT_3D('',#4139,#3268,#3269);
#2841=AXIS2_PLACEMENT_3D('',#4141,#3271,#3272);
#2842=AXIS2_PLACEMENT_3D('',#4143,#3274,#3275);
#2843=AXIS2_PLACEMENT_3D('',#4146,#3278,#3279);
#2844=AXIS2_PLACEMENT_3D('',#4147,#3280,#3281);
#2845=AXIS2_PLACEMENT_3D('',#4149,#3283,#3284);
#2846=AXIS2_PLACEMENT_3D('',#4154,#3287,#3288);
#2847=AXIS2_PLACEMENT_3D('',#4155,#3289,#3290);
#2848=AXIS2_PLACEMENT_3D('',#4165,#3297,#3298);
#2849=AXIS2_PLACEMENT_3D('',#4167,#3299,#3300);
#2850=AXIS2_PLACEMENT_3D('',#4169,#3302,#3303);
#2851=AXIS2_PLACEMENT_3D('',#4171,#3304,#3305);
#2852=AXIS2_PLACEMENT_3D('',#4173,#3307,#3308);
#2853=AXIS2_PLACEMENT_3D('',#4175,#3309,#3310);
#2854=AXIS2_PLACEMENT_3D('',#4177,#3312,#3313);
#2855=AXIS2_PLACEMENT_3D('',#4179,#3314,#3315);
#2856=AXIS2_PLACEMENT_3D('',#4181,#3317,#3318);
#2857=AXIS2_PLACEMENT_3D('',#4182,#3319,#3320);
#2858=AXIS2_PLACEMENT_3D('',#4183,#3321,#3322);
#2859=AXIS2_PLACEMENT_3D('',#4185,#3323,#3324);
#2860=AXIS2_PLACEMENT_3D('',#4187,#3326,#3327);
#2861=AXIS2_PLACEMENT_3D('',#4192,#3331,#3332);
#2862=AXIS2_PLACEMENT_3D('',#4194,#3333,#3334);
#2863=AXIS2_PLACEMENT_3D('',#4195,#3335,#3336);
#2864=AXIS2_PLACEMENT_3D('',#4197,#3338,#3339);
#2865=AXIS2_PLACEMENT_3D('',#4199,#3340,#3341);
#2866=AXIS2_PLACEMENT_3D('',#4201,#3343,#3344);
#2867=AXIS2_PLACEMENT_3D('',#4202,#3345,#3346);
#2868=AXIS2_PLACEMENT_3D('',#4203,#3347,#3348);
#2869=AXIS2_PLACEMENT_3D('',#4204,#3349,#3350);
#2870=AXIS2_PLACEMENT_3D('',#4226,#3351,#3352);
#2871=AXIS2_PLACEMENT_3D('',#4227,#3353,#3354);
#2872=AXIS2_PLACEMENT_3D('',#4228,#3355,#3356);
#2873=AXIS2_PLACEMENT_3D('',#4230,#3357,#3358);
#2874=AXIS2_PLACEMENT_3D('',#4253,#3360,#3361);
#2875=AXIS2_PLACEMENT_3D('',#4254,#3362,#3363);
#2876=AXIS2_PLACEMENT_3D('',#4255,#3364,#3365);
#2877=AXIS2_PLACEMENT_3D('',#4256,#3366,#3367);
#2878=AXIS2_PLACEMENT_3D('',#4278,#3369,#3370);
#2879=AXIS2_PLACEMENT_3D('',#4279,#3371,#3372);
#2880=AXIS2_PLACEMENT_3D('',#4280,#3373,#3374);
#2881=AXIS2_PLACEMENT_3D('',#4301,#3375,#3376);
#2882=AXIS2_PLACEMENT_3D('',#4303,#3377,#3378);
#2883=AXIS2_PLACEMENT_3D('',#4304,#3379,#3380);
#2884=AXIS2_PLACEMENT_3D('',#4305,#3381,#3382);
#2885=AXIS2_PLACEMENT_3D('',#4307,#3384,#3385);
#2886=AXIS2_PLACEMENT_3D('',#4309,#3387,#3388);
#2887=AXIS2_PLACEMENT_3D('',#4312,#3391,#3392);
#2888=AXIS2_PLACEMENT_3D('',#4314,#3394,#3395);
#2889=AXIS2_PLACEMENT_3D('',#4315,#3396,#3397);
#2890=AXIS2_PLACEMENT_3D('',#4316,#3398,#3399);
#2891=AXIS2_PLACEMENT_3D('',#4319,#3401,#3402);
#2892=AXIS2_PLACEMENT_3D('',#4321,#3403,#3404);
#2893=AXIS2_PLACEMENT_3D('',#4323,#3405,#3406);
#2894=AXIS2_PLACEMENT_3D('',#4325,#3407,#3408);
#2895=AXIS2_PLACEMENT_3D('',#4326,#3409,#3410);
#2896=AXIS2_PLACEMENT_3D('',#4328,#3412,#3413);
#2897=AXIS2_PLACEMENT_3D('',#4330,#3415,#3416);
#2898=AXIS2_PLACEMENT_3D('',#4332,#3418,#3419);
#2899=AXIS2_PLACEMENT_3D('',#4334,#3421,#3422);
#2900=AXIS2_PLACEMENT_3D('',#4335,#3423,#3424);
#2901=AXIS2_PLACEMENT_3D('',#4336,#3425,#3426);
#2902=AXIS2_PLACEMENT_3D('',#4338,#3428,#3429);
#2903=AXIS2_PLACEMENT_3D('',#4349,#3430,#3431);
#2904=AXIS2_PLACEMENT_3D('',#4351,#3433,#3434);
#2905=AXIS2_PLACEMENT_3D('',#4352,#3435,#3436);
#2906=AXIS2_PLACEMENT_3D('',#4353,#3437,#3438);
#2907=AXIS2_PLACEMENT_3D('',#4354,#3439,#3440);
#2908=AXIS2_PLACEMENT_3D('',#4356,#3441,#3442);
#2909=AXIS2_PLACEMENT_3D('',#4359,#3444,#3445);
#2910=AXIS2_PLACEMENT_3D('',#4360,#3446,#3447);
#2911=AXIS2_PLACEMENT_3D('',#4365,#3449,#3450);
#2912=AXIS2_PLACEMENT_3D('',#4367,#3451,#3452);
#2913=AXIS2_PLACEMENT_3D('',#4369,#3453,#3454);
#2914=AXIS2_PLACEMENT_3D('',#4372,#3456,#3457);
#2915=AXIS2_PLACEMENT_3D('',#4373,#3458,#3459);
#2916=AXIS2_PLACEMENT_3D('',#4375,#3460,#3461);
#2917=AXIS2_PLACEMENT_3D('',#4378,#3463,#3464);
#2918=AXIS2_PLACEMENT_3D('',#4379,#3465,#3466);
#2919=AXIS2_PLACEMENT_3D('',#4396,#3475,#3476);
#2920=AXIS2_PLACEMENT_3D('',#4415,#3487,#3488);
#2921=AXIS2_PLACEMENT_3D('',#4426,#3495,#3496);
#2922=AXIS2_PLACEMENT_3D('',#4430,#3498,#3499);
#2923=AXIS2_PLACEMENT_3D('',#4432,#3500,#3501);
#2924=AXIS2_PLACEMENT_3D('',#4433,#3502,#3503);
#2925=AXIS2_PLACEMENT_3D('',#4435,#3504,#3505);
#2926=AXIS2_PLACEMENT_3D('',#4436,#3506,#3507);
#2927=AXIS2_PLACEMENT_3D('',#4440,#3509,#3510);
#2928=AXIS2_PLACEMENT_3D('',#4442,#3512,#3513);
#2929=AXIS2_PLACEMENT_3D('',#4464,#3525,#3526);
#2930=AXIS2_PLACEMENT_3D('',#4466,#3527,#3528);
#2931=AXIS2_PLACEMENT_3D('',#4468,#3530,#3531);
#2932=AXIS2_PLACEMENT_3D('',#4470,#3532,#3533);
#2933=AXIS2_PLACEMENT_3D('',#4472,#3535,#3536);
#2934=AXIS2_PLACEMENT_3D('',#4475,#3538,#3539);
#2935=AXIS2_PLACEMENT_3D('',#4476,#3540,#3541);
#2936=AXIS2_PLACEMENT_3D('',#4477,#3542,#3543);
#2937=AXIS2_PLACEMENT_3D('',#4478,#3544,#3545);
#2938=AXIS2_PLACEMENT_3D('',#4480,#3546,#3547);
#2939=AXIS2_PLACEMENT_3D('',#4482,#3549,#3550);
#2940=AXIS2_PLACEMENT_3D('',#4485,#3552,#3553);
#2941=AXIS2_PLACEMENT_3D('',#4486,#3554,#3555);
#2942=AXIS2_PLACEMENT_3D('',#4508,#3567,#3568);
#2943=AXIS2_PLACEMENT_3D('',#4511,#3570,#3571);
#2944=AXIS2_PLACEMENT_3D('',#4512,#3572,#3573);
#2945=AXIS2_PLACEMENT_3D('',#4518,#3577,#3578);
#2946=AXIS2_PLACEMENT_3D('',#4529,#3584,#3585);
#2947=AXIS2_PLACEMENT_3D('',#4530,#3586,#3587);
#2948=AXIS2_PLACEMENT_3D('',#4540,#3593,#3594);
#2949=AXIS2_PLACEMENT_3D('',#4542,#3596,#3597);
#2950=AXIS2_PLACEMENT_3D('',#4544,#3599,#3600);
#2951=AXIS2_PLACEMENT_3D('',#4546,#3602,#3603);
#2952=AXIS2_PLACEMENT_3D('',#4548,#3605,#3606);
#2953=AXIS2_PLACEMENT_3D('',#4549,#3607,#3608);
#2954=AXIS2_PLACEMENT_3D('',#4555,#3612,#3613);
#2955=AXIS2_PLACEMENT_3D('',#4566,#3619,#3620);
#2956=AXIS2_PLACEMENT_3D('',#4567,#3621,#3622);
#2957=AXIS2_PLACEMENT_3D('',#4577,#3628,#3629);
#2958=AXIS2_PLACEMENT_3D('',#4579,#3631,#3632);
#2959=AXIS2_PLACEMENT_3D('',#4581,#3634,#3635);
#2960=AXIS2_PLACEMENT_3D('',#4583,#3637,#3638);
#2961=AXIS2_PLACEMENT_3D('',#4585,#3640,#3641);
#2962=AXIS2_PLACEMENT_3D('',#4586,#3642,#3643);
#2963=AXIS2_PLACEMENT_3D('',#4592,#3647,#3648);
#2964=AXIS2_PLACEMENT_3D('',#4603,#3654,#3655);
#2965=AXIS2_PLACEMENT_3D('',#4604,#3656,#3657);
#2966=AXIS2_PLACEMENT_3D('',#4614,#3663,#3664);
#2967=AXIS2_PLACEMENT_3D('',#4616,#3666,#3667);
#2968=AXIS2_PLACEMENT_3D('',#4618,#3669,#3670);
#2969=AXIS2_PLACEMENT_3D('',#4620,#3672,#3673);
#2970=AXIS2_PLACEMENT_3D('',#4622,#3675,#3676);
#2971=AXIS2_PLACEMENT_3D('',#4623,#3677,#3678);
#2972=AXIS2_PLACEMENT_3D('',#4635,#3685,#3686);
#2973=AXIS2_PLACEMENT_3D('',#4639,#3689,#3690);
#2974=AXIS2_PLACEMENT_3D('',#4643,#3693,#3694);
#2975=AXIS2_PLACEMENT_3D('',#4647,#3697,#3698);
#2976=AXIS2_PLACEMENT_3D('',#4651,#3701,#3702);
#2977=AXIS2_PLACEMENT_3D('',#4656,#3705,#3706);
#2978=AXIS2_PLACEMENT_3D('',#4657,#3707,#3708);
#2979=AXIS2_PLACEMENT_3D('',#4659,#3710,#3711);
#2980=AXIS2_PLACEMENT_3D('',#4660,#3712,#3713);
#2981=AXIS2_PLACEMENT_3D('',#4662,#3714,#3715);
#2982=AXIS2_PLACEMENT_3D('',#4664,#3717,#3718);
#2983=AXIS2_PLACEMENT_3D('',#4666,#3719,#3720);
#2984=AXIS2_PLACEMENT_3D('',#4668,#3722,#3723);
#2985=AXIS2_PLACEMENT_3D('',#4670,#3724,#3725);
#2986=AXIS2_PLACEMENT_3D('',#4672,#3727,#3728);
#2987=AXIS2_PLACEMENT_3D('',#4674,#3729,#3730);
#2988=AXIS2_PLACEMENT_3D('',#4676,#3732,#3733);
#2989=AXIS2_PLACEMENT_3D('',#4679,#3736,#3737);
#2990=AXIS2_PLACEMENT_3D('',#4680,#3738,#3739);
#2991=AXIS2_PLACEMENT_3D('',#4681,#3740,#3741);
#2992=AXIS2_PLACEMENT_3D('',#4685,#3744,#3745);
#2993=AXIS2_PLACEMENT_3D('',#4689,#3748,#3749);
#2994=AXIS2_PLACEMENT_3D('',#4693,#3753,#3754);
#2995=AXIS2_PLACEMENT_3D('',#4694,#3755,#3756);
#2996=DIRECTION('axis',(0.,0.,1.));
#2997=DIRECTION('refdir',(1.,0.,0.));
#2998=DIRECTION('center_axis',(0.,-1.,0.));
#2999=DIRECTION('ref_axis',(0.,0.,-1.));
#3000=DIRECTION('',(3.77373430684139E-49,0.,-1.));
#3001=DIRECTION('',(-1.,0.,0.));
#3002=DIRECTION('',(-3.77373430684139E-49,0.,1.));
#3003=DIRECTION('',(1.,0.,0.));
#3004=DIRECTION('center_axis',(0.,1.22464679914735E-16,-1.));
#3005=DIRECTION('ref_axis',(1.,0.,0.));
#3006=DIRECTION('',(3.08148791101958E-33,-1.,-1.12053800062144E-16));
#3007=DIRECTION('center_axis',(0.,1.22464679914735E-16,-1.));
#3008=DIRECTION('ref_axis',(-0.970395108533976,-0.241522945769824,0.));
#3009=DIRECTION('center_axis',(0.,0.,-1.));
#3010=DIRECTION('ref_axis',(1.,0.,0.));
#3011=DIRECTION('center_axis',(0.,1.22464679914735E-16,-1.));
#3012=DIRECTION('ref_axis',(0.241522945769824,0.970395108533976,1.44340826831535E-33));
#3013=DIRECTION('',(-1.,-3.09635833370133E-33,1.32707883833556E-19));
#3014=DIRECTION('center_axis',(0.,1.22464679914735E-16,-1.));
#3015=DIRECTION('ref_axis',(-0.241522945769824,0.970395108533976,-4.33022480494606E-33));
#3016=DIRECTION('center_axis',(0.,0.,-1.));
#3017=DIRECTION('ref_axis',(1.,0.,0.));
#3018=DIRECTION('center_axis',(0.,1.22464679914735E-16,-1.));
#3019=DIRECTION('ref_axis',(0.970395108533976,-0.241522945769824,0.));
#3020=DIRECTION('',(-3.08148791101958E-33,1.,1.12053800062144E-16));
#3021=DIRECTION('center_axis',(0.,0.,1.));
#3022=DIRECTION('ref_axis',(1.,0.,0.));
#3023=DIRECTION('center_axis',(0.,0.,1.));
#3024=DIRECTION('ref_axis',(1.,0.,0.));
#3025=DIRECTION('center_axis',(1.,3.08148791101958E-33,3.77373430684139E-49));
#3026=DIRECTION('ref_axis',(3.08148791101958E-33,-1.,-1.12053800062144E-16));
#3027=DIRECTION('',(0.,-1.,0.));
#3028=DIRECTION('',(0.,0.,-1.));
#3029=DIRECTION('',(3.08148791101958E-33,-1.,-1.22464679914735E-16));
#3030=DIRECTION('',(0.,1.22464679914735E-16,-1.));
#3031=DIRECTION('',(-3.08148791101958E-33,1.,1.22464679914735E-16));
#3032=DIRECTION('',(0.,-1.22464679914735E-16,1.));
#3033=DIRECTION('',(3.08148791101958E-33,-1.,-1.22464679914735E-16));
#3034=DIRECTION('',(0.,1.22464679914735E-16,-1.));
#3035=DIRECTION('',(-3.08148791101958E-33,1.,0.));
#3036=DIRECTION('',(-3.77373430684139E-49,-1.16287166459316E-81,1.));
#3037=DIRECTION('',(0.,-1.22464679914735E-16,1.));
#3038=DIRECTION('center_axis',(0.,1.,0.));
#3039=DIRECTION('ref_axis',(1.,0.,0.));
#3040=DIRECTION('center_axis',(0.,-1.,0.));
#3041=DIRECTION('ref_axis',(0.707106781186548,0.,-0.707106781186547));
#3042=DIRECTION('',(0.,0.,-1.));
#3043=DIRECTION('',(-1.,0.,0.));
#3044=DIRECTION('',(-1.,0.,0.));
#3045=DIRECTION('',(-1.,0.,0.));
#3046=DIRECTION('',(0.,0.,-1.));
#3047=DIRECTION('center_axis',(0.,-1.,0.));
#3048=DIRECTION('ref_axis',(-0.707106781186547,0.,-0.707106781186547));
#3049=DIRECTION('',(1.,0.,0.));
#3050=DIRECTION('center_axis',(1.,0.,0.));
#3051=DIRECTION('ref_axis',(0.,-1.,0.));
#3052=DIRECTION('center_axis',(-1.,0.,0.));
#3053=DIRECTION('ref_axis',(0.,-0.707106781186547,-0.707106781186547));
#3054=DIRECTION('',(0.,1.,0.));
#3055=DIRECTION('',(0.,1.,0.));
#3056=DIRECTION('',(0.,1.,0.));
#3057=DIRECTION('',(0.,0.,-1.));
#3058=DIRECTION('center_axis',(-1.,0.,0.));
#3059=DIRECTION('ref_axis',(0.,0.707106781186546,-0.707106781186549));
#3060=DIRECTION('',(0.,-1.,-1.22464679914735E-16));
#3061=DIRECTION('center_axis',(-1.,0.,0.));
#3062=DIRECTION('ref_axis',(0.,1.,0.));
#3063=DIRECTION('center_axis',(1.,0.,0.));
#3064=DIRECTION('ref_axis',(0.,-0.707106781186547,-0.707106781186548));
#3065=DIRECTION('',(0.,1.,1.22464679914735E-16));
#3066=DIRECTION('center_axis',(1.,0.,0.));
#3067=DIRECTION('ref_axis',(0.,0.707106781186546,-0.707106781186549));
#3068=DIRECTION('',(0.,0.,-1.));
#3069=DIRECTION('',(0.,-1.,0.));
#3070=DIRECTION('',(0.,-1.,0.));
#3071=DIRECTION('',(0.,-1.,0.));
#3072=DIRECTION('center_axis',(0.,-1.,0.));
#3073=DIRECTION('ref_axis',(-1.,0.,0.));
#3074=DIRECTION('center_axis',(0.,1.,0.));
#3075=DIRECTION('ref_axis',(0.707106781186548,-2.00308613164954E-17,-0.707106781186547));
#3076=DIRECTION('',(-1.,0.,0.));
#3077=DIRECTION('center_axis',(0.,1.,0.));
#3078=DIRECTION('ref_axis',(-0.707106781186548,-2.00308613164954E-17,-0.707106781186547));
#3079=DIRECTION('',(1.,0.,0.));
#3080=DIRECTION('',(1.,0.,0.));
#3081=DIRECTION('',(1.,0.,0.));
#3082=DIRECTION('center_axis',(0.,-0.707106781186548,0.707106781186548));
#3083=DIRECTION('ref_axis',(1.,0.,0.));
#3084=DIRECTION('',(-0.577350269189626,-0.577350269189626,-0.577350269189626));
#3085=DIRECTION('',(1.,0.,0.));
#3086=DIRECTION('',(0.577350269189626,-0.577350269189626,-0.577350269189626));
#3087=DIRECTION('center_axis',(-0.577350269189626,-0.577350269189626,-0.577350269189626));
#3088=DIRECTION('ref_axis',(0.408248290463872,0.408248290463861,-0.816496580927723));
#3089=DIRECTION('',(-0.577350269189626,-0.577350269189626,-0.577350269189626));
#3090=DIRECTION('center_axis',(0.0710669054518822,0.0710669054518572,-0.994936676326182));
#3091=DIRECTION('ref_axis',(0.703526470681449,0.703526470681449,0.100503781525921));
#3092=DIRECTION('center_axis',(-0.707106781186548,-8.65956056235493E-17,
0.707106781186548));
#3093=DIRECTION('ref_axis',(0.707106781186548,0.,0.707106781186548));
#3094=DIRECTION('',(-0.577350269189626,0.577350269189625,-0.577350269189626));
#3095=DIRECTION('',(-1.74315279842105E-32,-1.,-1.22464679914735E-16));
#3096=DIRECTION('center_axis',(-0.577350269189626,0.577350269189625,-0.577350269189626));
#3097=DIRECTION('ref_axis',(0.408248290463863,-0.408248290463863,-0.816496580927726));
#3098=DIRECTION('',(-0.577350269189626,0.577350269189625,-0.577350269189626));
#3099=DIRECTION('center_axis',(0.0710669054518699,-0.0710669054518695,-0.994936676326182));
#3100=DIRECTION('ref_axis',(0.703526470681449,-0.703526470681449,0.100503781525921));
#3101=DIRECTION('center_axis',(0.,-1.,0.));
#3102=DIRECTION('ref_axis',(0.707106781186541,0.,-0.707106781186554));
#3103=DIRECTION('center_axis',(0.,1.,0.));
#3104=DIRECTION('ref_axis',(1.,0.,0.));
#3105=DIRECTION('',(0.,1.,0.));
#3106=DIRECTION('center_axis',(0.,-1.,0.));
#3107=DIRECTION('ref_axis',(0.,0.,-1.));
#3108=DIRECTION('center_axis',(0.,0.,1.));
#3109=DIRECTION('ref_axis',(1.,0.,0.));
#3110=DIRECTION('center_axis',(0.,0.,-1.));
#3111=DIRECTION('ref_axis',(1.,0.,0.));
#3112=DIRECTION('center_axis',(1.,0.,0.));
#3113=DIRECTION('ref_axis',(0.,-1.,0.));
#3114=DIRECTION('center_axis',(0.,0.,1.));
#3115=DIRECTION('ref_axis',(1.,0.,0.));
#3116=DIRECTION('center_axis',(0.,0.,-1.));
#3117=DIRECTION('ref_axis',(1.,0.,0.));
#3118=DIRECTION('center_axis',(0.,0.,-1.));
#3119=DIRECTION('ref_axis',(-1.,0.,0.));
#3120=DIRECTION('center_axis',(1.,0.,0.));
#3121=DIRECTION('ref_axis',(0.,0.,-1.));
#3122=DIRECTION('center_axis',(0.,0.,-1.));
#3123=DIRECTION('ref_axis',(-1.,0.,0.));
#3124=DIRECTION('center_axis',(0.,0.,-1.));
#3125=DIRECTION('ref_axis',(-1.,0.,0.));
#3126=DIRECTION('center_axis',(0.,0.,-1.));
#3127=DIRECTION('ref_axis',(-1.,0.,0.));
#3128=DIRECTION('center_axis',(1.,0.,0.));
#3129=DIRECTION('ref_axis',(0.,0.707106781186544,-0.707106781186551));
#3130=DIRECTION('center_axis',(-1.,0.,0.));
#3131=DIRECTION('ref_axis',(0.,1.,0.));
#3132=DIRECTION('',(-1.,0.,0.));
#3133=DIRECTION('center_axis',(0.,0.,-1.));
#3134=DIRECTION('ref_axis',(-1.,0.,0.));
#3135=DIRECTION('center_axis',(0.,0.,-1.));
#3136=DIRECTION('ref_axis',(-1.,0.,0.));
#3137=DIRECTION('center_axis',(0.,-1.,0.));
#3138=DIRECTION('ref_axis',(-1.,0.,0.));
#3139=DIRECTION('center_axis',(0.,0.,-1.));
#3140=DIRECTION('ref_axis',(-1.,0.,0.));
#3141=DIRECTION('center_axis',(0.,1.,0.));
#3142=DIRECTION('ref_axis',(0.,0.,-1.));
#3143=DIRECTION('center_axis',(0.,0.,-1.));
#3144=DIRECTION('ref_axis',(-1.,0.,0.));
#3145=DIRECTION('center_axis',(0.,0.,-1.));
#3146=DIRECTION('ref_axis',(-1.,0.,0.));
#3147=DIRECTION('center_axis',(0.,0.,-1.));
#3148=DIRECTION('ref_axis',(-1.,0.,0.));
#3149=DIRECTION('center_axis',(0.,1.,0.));
#3150=DIRECTION('ref_axis',(1.,0.,0.));
#3151=DIRECTION('',(0.,0.,1.));
#3152=DIRECTION('',(-1.,0.,0.));
#3153=DIRECTION('',(0.,0.,-1.));
#3154=DIRECTION('',(1.,0.,0.));
#3155=DIRECTION('center_axis',(0.,-1.,0.));
#3156=DIRECTION('ref_axis',(-1.,0.,0.));
#3157=DIRECTION('',(1.,0.,0.));
#3158=DIRECTION('',(0.,0.,-1.));
#3159=DIRECTION('',(-1.,0.,0.));
#3160=DIRECTION('',(0.,0.,-1.));
#3161=DIRECTION('center_axis',(1.,0.,0.));
#3162=DIRECTION('ref_axis',(0.,-1.,0.));
#3163=DIRECTION('',(0.,1.,0.));
#3164=DIRECTION('',(0.,-1.,-1.22464679914735E-16));
#3165=DIRECTION('center_axis',(0.,1.22464679914735E-16,-1.));
#3166=DIRECTION('ref_axis',(1.,0.,0.));
#3167=DIRECTION('center_axis',(0.,1.22464679914735E-16,-1.));
#3168=DIRECTION('ref_axis',(1.,1.73472347597681E-17,0.));
#3169=DIRECTION('center_axis',(0.,-1.22464679914735E-16,1.));
#3170=DIRECTION('ref_axis',(-1.38777878078145E-17,1.,1.08586892106921E-16));
#3171=DIRECTION('center_axis',(0.,1.22464679914735E-16,-1.));
#3172=DIRECTION('ref_axis',(-1.38777878078145E-17,1.,1.08586892106921E-16));
#3173=DIRECTION('',(0.866025403784434,0.500000000000008,6.12323399573686E-17));
#3174=DIRECTION('',(1.,0.,0.));
#3175=DIRECTION('',(0.739572932914398,-0.673076427235715,-8.24280892195755E-17));
#3176=DIRECTION('center_axis',(0.,1.22464679914735E-16,-1.));
#3177=DIRECTION('ref_axis',(-1.38777878078145E-17,1.,1.08586892106921E-16));
#3178=DIRECTION('',(1.,0.,0.));
#3179=DIRECTION('',(1.,0.,0.));
#3180=DIRECTION('',(-3.08148791101958E-33,1.,1.22464679914735E-16));
#3181=DIRECTION('',(-1.,-3.08010630518549E-33,-3.772042327679E-49));
#3182=DIRECTION('',(-0.499999999999999,0.866025403784439,1.06057523872491E-16));
#3183=DIRECTION('center_axis',(0.,1.22464679914735E-16,-1.));
#3184=DIRECTION('ref_axis',(-1.38777878078145E-17,1.,1.08586892106921E-16));
#3185=DIRECTION('center_axis',(0.,-1.22464679914735E-16,1.));
#3186=DIRECTION('ref_axis',(-1.38777878078145E-17,1.,1.08586892106921E-16));
#3187=DIRECTION('center_axis',(0.,1.22464679914735E-16,-1.));
#3188=DIRECTION('ref_axis',(1.,0.,0.));
#3189=DIRECTION('center_axis',(0.,1.22464679914735E-16,-1.));
#3190=DIRECTION('ref_axis',(1.,0.,0.));
#3191=DIRECTION('center_axis',(0.,1.22464679914735E-16,-1.));
#3192=DIRECTION('ref_axis',(1.,0.,0.));
#3193=DIRECTION('center_axis',(0.,1.22464679914735E-16,-1.));
#3194=DIRECTION('ref_axis',(1.,0.,0.));
#3195=DIRECTION('',(1.,0.,0.));
#3196=DIRECTION('',(-1.74315279842105E-32,-1.,-1.22464679914735E-16));
#3197=DIRECTION('',(-1.,0.,0.));
#3198=DIRECTION('',(-1.74315279842105E-32,1.,1.22464679914735E-16));
#3199=DIRECTION('center_axis',(0.,1.22464679914735E-16,-1.));
#3200=DIRECTION('ref_axis',(-1.,0.,0.));
#3201=DIRECTION('center_axis',(0.,0.,-1.));
#3202=DIRECTION('ref_axis',(-1.,0.,0.));
#3203=DIRECTION('center_axis',(0.,0.,1.));
#3204=DIRECTION('ref_axis',(-1.,0.,0.));
#3205=DIRECTION('center_axis',(0.,-1.22464679914735E-16,1.));
#3206=DIRECTION('ref_axis',(1.,0.,0.));
#3207=DIRECTION('center_axis',(0.,1.22464679914735E-16,-1.));
#3208=DIRECTION('ref_axis',(-1.38777878078145E-17,1.,1.08586892106921E-16));
#3209=DIRECTION('center_axis',(0.,-1.22464679914735E-16,1.));
#3210=DIRECTION('ref_axis',(-1.38777878078145E-17,1.,1.08586892106921E-16));
#3211=DIRECTION('center_axis',(0.,1.22464679914735E-16,-1.));
#3212=DIRECTION('ref_axis',(1.,1.73472347597681E-17,-4.62633039458626E-16));
#3213=DIRECTION('',(1.,-1.29864658008209E-16,-1.59038337752119E-32));
#3214=DIRECTION('center_axis',(0.,1.22464679914735E-16,-1.));
#3215=DIRECTION('ref_axis',(1.,1.73472347597681E-17,-4.62633039458626E-16));
#3216=DIRECTION('',(-1.,0.,0.));
#3217=DIRECTION('',(1.,0.,0.));
#3218=DIRECTION('center_axis',(0.,1.22464679914735E-16,-1.));
#3219=DIRECTION('ref_axis',(-1.38777878078145E-17,1.,1.08586892106921E-16));
#3220=DIRECTION('',(0.739572932914398,-0.673076427235715,-8.24280892195755E-17));
#3221=DIRECTION('',(1.,0.,0.));
#3222=DIRECTION('',(0.866025403784434,0.500000000000008,6.12323399573686E-17));
#3223=DIRECTION('center_axis',(0.,-1.,-1.22464679914735E-16));
#3224=DIRECTION('ref_axis',(0.,1.22464679914735E-16,-1.));
#3225=DIRECTION('',(-4.62633039458626E-16,1.10433510158283E-16,-1.));
#3226=DIRECTION('',(-1.,0.,0.));
#3227=DIRECTION('center_axis',(1.92592994438724E-34,1.08586892106921E-16,
-1.));
#3228=DIRECTION('ref_axis',(-1.38777878078145E-17,1.,1.08586892106921E-16));
#3229=DIRECTION('',(0.,1.22464679914735E-16,-1.));
#3230=DIRECTION('',(0.,1.22676577306647E-16,-1.));
#3231=DIRECTION('center_axis',(0.,-1.22464679914735E-16,1.));
#3232=DIRECTION('ref_axis',(1.,0.,0.));
#3233=DIRECTION('',(-0.470843367544587,-0.882216823257907,-1.08040400875674E-16));
#3234=DIRECTION('center_axis',(0.,1.22464679914735E-16,-1.));
#3235=DIRECTION('ref_axis',(1.,1.73472347597681E-17,-4.62633039458626E-16));
#3236=DIRECTION('',(-1.,2.28005919853526E-16,2.79226719935268E-32));
#3237=DIRECTION('center_axis',(0.,1.22464679914735E-16,-1.));
#3238=DIRECTION('ref_axis',(1.,1.73472347597681E-17,-4.62633039458626E-16));
#3239=DIRECTION('center_axis',(0.,-1.22464679914735E-16,1.));
#3240=DIRECTION('ref_axis',(-1.38777878078145E-17,1.,1.08586892106921E-16));
#3241=DIRECTION('center_axis',(0.,1.22464679914735E-16,-1.));
#3242=DIRECTION('ref_axis',(-1.38777878078145E-17,1.,1.08586892106921E-16));
#3243=DIRECTION('',(-0.499999999999999,0.866025403784439,1.06057523872491E-16));
#3244=DIRECTION('',(1.,3.0801063051855E-33,-5.80359258028957E-33));
#3245=DIRECTION('center_axis',(1.92592994438724E-34,1.08586892106921E-16,
-1.));
#3246=DIRECTION('ref_axis',(-1.38777878078145E-17,1.,1.08586892106921E-16));
#3247=DIRECTION('',(0.,-1.22676577306647E-16,1.));
#3248=DIRECTION('',(1.92592994438724E-34,1.08586892106921E-16,-1.));
#3249=DIRECTION('center_axis',(0.,1.22464679914735E-16,-1.));
#3250=DIRECTION('ref_axis',(-1.,0.,0.));
#3251=DIRECTION('center_axis',(0.,1.22464679914735E-16,-1.));
#3252=DIRECTION('ref_axis',(1.,1.73472347597681E-17,-4.62633039458626E-16));
#3253=DIRECTION('',(-1.,2.28005919853526E-16,2.79226719935268E-32));
#3254=DIRECTION('center_axis',(0.,1.22464679914735E-16,-1.));
#3255=DIRECTION('ref_axis',(1.,1.73472347597681E-17,-4.62633039458626E-16));
#3256=DIRECTION('',(1.,-1.29864658008209E-16,-1.59038337752119E-32));
#3257=DIRECTION('center_axis',(-4.62633039458626E-16,1.10433510158283E-16,
-1.));
#3258=DIRECTION('ref_axis',(-1.,1.63654492472575E-15,4.62633039458626E-16));
#3259=DIRECTION('',(0.,0.,1.));
#3260=DIRECTION('',(0.,1.22464679914735E-16,-1.));
#3261=DIRECTION('center_axis',(1.29864658008209E-16,1.,1.10433510158283E-16));
#3262=DIRECTION('ref_axis',(1.,-1.29864658008209E-16,-4.62633039458626E-16));
#3263=DIRECTION('',(0.,1.22464679914735E-16,-1.));
#3264=DIRECTION('center_axis',(0.673076427235715,0.739572932914398,0.));
#3265=DIRECTION('ref_axis',(0.739572932914398,-0.673076427235715,-3.67003950942976E-33));
#3266=DIRECTION('',(-1.92592994438724E-34,-1.08586892106921E-16,1.));
#3267=DIRECTION('',(0.,0.,-1.));
#3268=DIRECTION('center_axis',(0.,1.,0.));
#3269=DIRECTION('ref_axis',(1.,0.,0.));
#3270=DIRECTION('',(0.,0.,-1.));
#3271=DIRECTION('center_axis',(-0.500000000000008,0.866025403784434,0.));
#3272=DIRECTION('ref_axis',(0.866025403784434,0.500000000000008,4.05518876671694E-33));
#3273=DIRECTION('',(-1.92592994438724E-34,-1.08586892106921E-16,1.));
#3274=DIRECTION('center_axis',(-0.866025403784439,-0.499999999999999,0.));
#3275=DIRECTION('ref_axis',(-0.499999999999999,0.866025403784439,0.));
#3276=DIRECTION('',(-1.92592994438724E-34,-1.08586892106921E-16,1.));
#3277=DIRECTION('',(7.07050159149936E-17,-1.22464679914735E-16,1.));
#3278=DIRECTION('center_axis',(1.92592994438724E-34,1.08586892106921E-16,
-1.));
#3279=DIRECTION('ref_axis',(-1.38777878078145E-17,1.,1.08586892106921E-16));
#3280=DIRECTION('center_axis',(1.92592994438724E-34,1.08586892106921E-16,
-1.));
#3281=DIRECTION('ref_axis',(-1.38777878078145E-17,1.,1.08586892106921E-16));
#3282=DIRECTION('',(-1.92592994438724E-34,-1.08586892106921E-16,1.));
#3283=DIRECTION('center_axis',(0.,1.22464679914735E-16,-1.));
#3284=DIRECTION('ref_axis',(1.,0.,0.));
#3285=DIRECTION('',(-0.470843367544587,-0.882216823257907,-1.08040400875674E-16));
#3286=DIRECTION('',(-1.,-3.08010630518549E-33,-3.772042327679E-49));
#3287=DIRECTION('center_axis',(0.,1.22464679914735E-16,-1.));
#3288=DIRECTION('ref_axis',(0.710265641198359,-0.703933746124651,-8.62070209003359E-17));
#3289=DIRECTION('center_axis',(3.08010630518549E-33,-1.,-1.22464679914735E-16));
#3290=DIRECTION('ref_axis',(-1.,-3.09635833370133E-33,1.32707883833556E-19));
#3291=DIRECTION('',(6.53599894903241E-17,1.22464679914735E-16,-1.));
#3292=DIRECTION('',(0.,-1.22464679914735E-16,1.));
#3293=DIRECTION('',(1.,3.08010630518549E-33,0.));
#3294=DIRECTION('',(3.772042327679E-49,-1.22464679914735E-16,1.));
#3295=DIRECTION('',(-3.772042327679E-49,1.22464679914735E-16,-1.));
#3296=DIRECTION('',(1.,3.08010630518549E-33,0.));
#3297=DIRECTION('center_axis',(0.,0.,1.));
#3298=DIRECTION('ref_axis',(0.241522945769824,0.970395108533976,1.44340826831535E-33));
#3299=DIRECTION('center_axis',(0.,0.,1.));
#3300=DIRECTION('ref_axis',(0.241522945769824,0.970395108533976,1.44340826831535E-33));
#3301=DIRECTION('',(0.,0.,1.));
#3302=DIRECTION('center_axis',(0.,0.,-1.));
#3303=DIRECTION('ref_axis',(-0.241522945769824,0.970395108533976,-4.33022480494606E-33));
#3304=DIRECTION('center_axis',(0.,0.,1.));
#3305=DIRECTION('ref_axis',(-0.241522945769824,0.970395108533976,-4.33022480494606E-33));
#3306=DIRECTION('',(0.,0.,-1.));
#3307=DIRECTION('center_axis',(0.,0.,1.));
#3308=DIRECTION('ref_axis',(-0.707106781186548,-0.707106781186547,0.));
#3309=DIRECTION('center_axis',(0.,0.,1.));
#3310=DIRECTION('ref_axis',(1.,0.,0.));
#3311=DIRECTION('',(0.,0.,1.));
#3312=DIRECTION('center_axis',(0.,0.,-1.));
#3313=DIRECTION('ref_axis',(-0.970395108533976,-0.241522945769824,0.));
#3314=DIRECTION('center_axis',(0.,0.,1.));
#3315=DIRECTION('ref_axis',(-0.970395108533976,-0.241522945769824,0.));
#3316=DIRECTION('',(0.,0.,-1.));
#3317=DIRECTION('center_axis',(0.,0.,1.));
#3318=DIRECTION('ref_axis',(1.,0.,0.));
#3319=DIRECTION('center_axis',(0.,0.,1.));
#3320=DIRECTION('ref_axis',(1.,0.,0.));
#3321=DIRECTION('center_axis',(0.,0.,1.));
#3322=DIRECTION('ref_axis',(0.970395108533976,-0.241522945769824,0.));
#3323=DIRECTION('center_axis',(0.,0.,1.));
#3324=DIRECTION('ref_axis',(0.970395108533976,-0.241522945769824,0.));
#3325=DIRECTION('',(3.77373430684139E-49,1.16287166459316E-81,-1.));
#3326=DIRECTION('center_axis',(-1.,-3.08148791101958E-33,-3.77373430684139E-49));
#3327=DIRECTION('ref_axis',(-3.08148791101958E-33,1.,1.12053800062144E-16));
#3328=DIRECTION('',(3.08148791101958E-33,-1.,0.));
#3329=DIRECTION('',(0.,0.,-1.));
#3330=DIRECTION('',(3.08148791101958E-33,-1.,0.));
#3331=DIRECTION('center_axis',(0.,0.,-1.));
#3332=DIRECTION('ref_axis',(1.,0.,0.));
#3333=DIRECTION('center_axis',(0.,0.,-1.));
#3334=DIRECTION('ref_axis',(1.,0.,0.));
#3335=DIRECTION('center_axis',(0.,0.,1.));
#3336=DIRECTION('ref_axis',(1.,0.,0.));
#3337=DIRECTION('',(0.,0.,-1.));
#3338=DIRECTION('center_axis',(0.,0.,1.));
#3339=DIRECTION('ref_axis',(1.,0.,0.));
#3340=DIRECTION('center_axis',(0.,0.,-1.));
#3341=DIRECTION('ref_axis',(1.,0.,0.));
#3342=DIRECTION('',(0.,0.,-1.));
#3343=DIRECTION('center_axis',(0.,0.,-1.));
#3344=DIRECTION('ref_axis',(1.,0.,0.));
#3345=DIRECTION('center_axis',(-1.,0.,0.));
#3346=DIRECTION('ref_axis',(0.,-0.38268343236511,0.923879532511279));
#3347=DIRECTION('center_axis',(-1.,0.,0.));
#3348=DIRECTION('ref_axis',(0.,-0.707106781186548,0.707106781186548));
#3349=DIRECTION('center_axis',(1.,0.,0.));
#3350=DIRECTION('ref_axis',(0.,0.,1.));
#3351=DIRECTION('center_axis',(5.02429586778809E-14,1.,0.));
#3352=DIRECTION('ref_axis',(0.,0.,1.));
#3353=DIRECTION('center_axis',(-0.0710669054518563,0.0710669054518831,-0.994936676326182));
#3354=DIRECTION('ref_axis',(-0.703526470681449,0.703526470681449,0.100503781525921));
#3355=DIRECTION('center_axis',(1.74315279842105E-32,-1.,-1.22464679914735E-16));
#3356=DIRECTION('ref_axis',(0.382683432365077,0.,0.923879532511292));
#3357=DIRECTION('center_axis',(0.,1.,0.));
#3358=DIRECTION('ref_axis',(0.,0.,1.));
#3359=DIRECTION('',(-1.74315279842105E-32,1.,1.22464679914735E-16));
#3360=DIRECTION('center_axis',(-1.,1.47158218898746E-14,3.55271367880045E-14));
#3361=DIRECTION('ref_axis',(3.55271367880045E-14,0.,1.));
#3362=DIRECTION('center_axis',(-0.0710669054518824,-0.071066905451857,-0.994936676326182));
#3363=DIRECTION('ref_axis',(-0.703526470681449,-0.703526470681449,0.100503781525921));
#3364=DIRECTION('center_axis',(1.,0.,0.));
#3365=DIRECTION('ref_axis',(0.,0.38268343236511,0.923879532511279));
#3366=DIRECTION('center_axis',(-1.,0.,0.));
#3367=DIRECTION('ref_axis',(0.,0.,1.));
#3368=DIRECTION('',(-1.,0.,0.));
#3369=DIRECTION('center_axis',(0.,-1.,0.));
#3370=DIRECTION('ref_axis',(3.55271367880045E-14,0.,1.));
#3371=DIRECTION('center_axis',(1.74315279842105E-32,1.,1.22464679914735E-16));
#3372=DIRECTION('ref_axis',(-0.38268343236511,0.,0.923879532511279));
#3373=DIRECTION('center_axis',(0.,-1.,0.));
#3374=DIRECTION('ref_axis',(0.,0.,1.));
#3375=DIRECTION('center_axis',(0.,0.,-1.));
#3376=DIRECTION('ref_axis',(-1.,0.,0.));
#3377=DIRECTION('center_axis',(-1.,0.,0.));
#3378=DIRECTION('ref_axis',(0.,0.,-1.));
#3379=DIRECTION('center_axis',(0.,0.,-1.));
#3380=DIRECTION('ref_axis',(-1.,0.,0.));
#3381=DIRECTION('center_axis',(0.,1.,0.));
#3382=DIRECTION('ref_axis',(-0.707106781186541,0.,-0.707106781186554));
#3383=DIRECTION('',(0.,-1.,0.));
#3384=DIRECTION('center_axis',(-1.,0.,0.));
#3385=DIRECTION('ref_axis',(0.,-0.707106781186541,-0.707106781186554));
#3386=DIRECTION('',(1.,0.,0.));
#3387=DIRECTION('center_axis',(0.577350269189626,0.577350269189625,-0.577350269189626));
#3388=DIRECTION('ref_axis',(-0.408248290463863,-0.408248290463863,-0.816496580927726));
#3389=DIRECTION('',(0.577350269189626,0.577350269189625,-0.577350269189626));
#3390=DIRECTION('',(0.577350269189626,0.577350269189625,-0.577350269189626));
#3391=DIRECTION('center_axis',(-0.577350269189626,0.577350269189626,0.577350269189626));
#3392=DIRECTION('ref_axis',(-0.408248290463863,0.408248290463863,-0.816496580927726));
#3393=DIRECTION('',(0.577350269189626,-0.577350269189626,-0.577350269189626));
#3394=DIRECTION('center_axis',(0.,0.707106781186549,0.707106781186546));
#3395=DIRECTION('ref_axis',(1.,0.,0.));
#3396=DIRECTION('center_axis',(0.707106781186548,-8.65956056235493E-17,
0.707106781186548));
#3397=DIRECTION('ref_axis',(0.707106781186548,0.,-0.707106781186548));
#3398=DIRECTION('center_axis',(0.,0.,1.));
#3399=DIRECTION('ref_axis',(-1.,0.,0.));
#3400=DIRECTION('',(1.,0.,0.));
#3401=DIRECTION('center_axis',(0.,0.,1.));
#3402=DIRECTION('ref_axis',(1.,0.,0.));
#3403=DIRECTION('center_axis',(0.,0.,1.));
#3404=DIRECTION('ref_axis',(1.,0.,0.));
#3405=DIRECTION('center_axis',(0.,0.,1.));
#3406=DIRECTION('ref_axis',(1.,0.,0.));
#3407=DIRECTION('center_axis',(0.,0.,1.));
#3408=DIRECTION('ref_axis',(1.,0.,0.));
#3409=DIRECTION('center_axis',(0.,0.,1.));
#3410=DIRECTION('ref_axis',(1.,0.,0.));
#3411=DIRECTION('',(0.,0.,1.));
#3412=DIRECTION('center_axis',(0.,0.,1.));
#3413=DIRECTION('ref_axis',(1.,0.,0.));
#3414=DIRECTION('',(0.,0.,1.));
#3415=DIRECTION('center_axis',(0.,0.,1.));
#3416=DIRECTION('ref_axis',(1.,0.,0.));
#3417=DIRECTION('',(0.,0.,1.));
#3418=DIRECTION('center_axis',(0.,0.,1.));
#3419=DIRECTION('ref_axis',(1.,0.,0.));
#3420=DIRECTION('',(0.,0.,1.));
#3421=DIRECTION('center_axis',(0.,1.,0.));
#3422=DIRECTION('ref_axis',(1.,0.,0.));
#3423=DIRECTION('center_axis',(0.,1.,1.22464679914735E-16));
#3424=DIRECTION('ref_axis',(0.,-1.22464679914735E-16,1.));
#3425=DIRECTION('center_axis',(0.882216823257907,-0.470843367544587,-5.76616822963239E-17));
#3426=DIRECTION('ref_axis',(-0.470843367544587,-0.882216823257907,-1.08040400875674E-16));
#3427=DIRECTION('',(4.62633039458626E-16,-1.10433510158283E-16,1.));
#3428=DIRECTION('center_axis',(6.18554869204696E-16,-1.,-1.22464679914735E-16));
#3429=DIRECTION('ref_axis',(1.,6.18554869204696E-16,7.57511240668541E-32));
#3430=DIRECTION('center_axis',(-4.62633039458626E-16,1.10433510158283E-16,
-1.));
#3431=DIRECTION('ref_axis',(1.,1.73472347597681E-17,-4.62633039458626E-16));
#3432=DIRECTION('',(0.,0.,1.));
#3433=DIRECTION('center_axis',(-5.03295839949453E-15,-0.00425820747228884,
0.999990933793463));
#3434=DIRECTION('ref_axis',(0.,-0.999990933793463,-0.00425820747228883));
#3435=DIRECTION('center_axis',(-2.28005919853526E-16,-1.,-1.10433510158283E-16));
#3436=DIRECTION('ref_axis',(-1.,2.28005919853526E-16,4.62633039458626E-16));
#3437=DIRECTION('center_axis',(1.92592994438724E-34,1.08586892106921E-16,
-1.));
#3438=DIRECTION('ref_axis',(-1.38777878078145E-17,1.,1.08586892106921E-16));
#3439=DIRECTION('center_axis',(0.,-1.,0.));
#3440=DIRECTION('ref_axis',(-1.,0.,0.));
#3441=DIRECTION('center_axis',(0.,1.,0.));
#3442=DIRECTION('ref_axis',(-1.,0.,0.));
#3443=DIRECTION('',(0.,1.,0.));
#3444=DIRECTION('center_axis',(0.,-1.,0.));
#3445=DIRECTION('ref_axis',(-1.,0.,0.));
#3446=DIRECTION('center_axis',(0.,0.,-1.));
#3447=DIRECTION('ref_axis',(1.,0.,0.));
#3448=DIRECTION('',(-1.,0.,0.));
#3449=DIRECTION('center_axis',(0.,0.,1.));
#3450=DIRECTION('ref_axis',(-0.241522945769824,-0.970395108533976,0.));
#3451=DIRECTION('center_axis',(0.,0.,1.));
#3452=DIRECTION('ref_axis',(1.,0.,0.));
#3453=DIRECTION('center_axis',(0.,0.,1.));
#3454=DIRECTION('ref_axis',(0.970395108533976,0.241522945769824,0.));
#3455=DIRECTION('',(0.,-1.,0.));
#3456=DIRECTION('center_axis',(0.,0.,-1.));
#3457=DIRECTION('ref_axis',(1.,0.,0.));
#3458=DIRECTION('center_axis',(0.,-1.,0.));
#3459=DIRECTION('ref_axis',(-1.,0.,0.));
#3460=DIRECTION('center_axis',(0.,1.,0.));
#3461=DIRECTION('ref_axis',(-1.,0.,0.));
#3462=DIRECTION('',(0.,1.,0.));
#3463=DIRECTION('center_axis',(0.,-1.,0.));
#3464=DIRECTION('ref_axis',(-1.,0.,0.));
#3465=DIRECTION('center_axis',(0.,0.,-1.));
#3466=DIRECTION('ref_axis',(1.,0.,0.));
#3467=DIRECTION('',(1.,0.,0.));
#3468=DIRECTION('',(0.,1.,0.));
#3469=DIRECTION('',(1.,0.,0.));
#3470=DIRECTION('',(0.,-1.,0.));
#3471=DIRECTION('',(1.,0.,0.));
#3472=DIRECTION('',(0.,-1.,0.));
#3473=DIRECTION('',(1.,0.,0.));
#3474=DIRECTION('',(0.,-1.,0.));
#3475=DIRECTION('center_axis',(0.,1.,0.));
#3476=DIRECTION('ref_axis',(1.,0.,0.));
#3477=DIRECTION('',(0.,0.,-1.));
#3478=DIRECTION('',(1.,0.,0.));
#3479=DIRECTION('',(0.,0.,-1.));
#3480=DIRECTION('',(-1.,0.,0.));
#3481=DIRECTION('',(0.,0.,1.));
#3482=DIRECTION('',(1.,0.,0.));
#3483=DIRECTION('',(0.,0.,-1.));
#3484=DIRECTION('',(-1.,0.,0.));
#3485=DIRECTION('',(0.,0.,-1.));
#3486=DIRECTION('',(0.,0.,1.));
#3487=DIRECTION('center_axis',(0.,-1.,0.));
#3488=DIRECTION('ref_axis',(-1.,0.,0.));
#3489=DIRECTION('',(0.,0.,1.));
#3490=DIRECTION('',(1.,0.,0.));
#3491=DIRECTION('',(0.,0.,-1.));
#3492=DIRECTION('',(0.,0.,-1.));
#3493=DIRECTION('',(-1.,0.,0.));
#3494=DIRECTION('',(0.,0.,-1.));
#3495=DIRECTION('center_axis',(0.,0.,-1.));
#3496=DIRECTION('ref_axis',(1.,0.,0.));
#3497=DIRECTION('',(0.,1.,0.));
#3498=DIRECTION('center_axis',(0.,0.,1.));
#3499=DIRECTION('ref_axis',(-0.970395108533976,0.241522945769824,0.));
#3500=DIRECTION('center_axis',(0.,0.,1.));
#3501=DIRECTION('ref_axis',(1.,0.,0.));
#3502=DIRECTION('center_axis',(0.,0.,1.));
#3503=DIRECTION('ref_axis',(0.241522945769824,-0.970395108533976,0.));
#3504=DIRECTION('center_axis',(0.,0.,-1.));
#3505=DIRECTION('ref_axis',(1.,0.,0.));
#3506=DIRECTION('center_axis',(0.,0.,1.));
#3507=DIRECTION('ref_axis',(-0.970395108533976,0.241522945769824,0.));
#3508=DIRECTION('',(0.,0.,-1.));
#3509=DIRECTION('center_axis',(0.,0.,-1.));
#3510=DIRECTION('ref_axis',(-0.970395108533976,0.241522945769824,0.));
#3511=DIRECTION('',(0.,0.,1.));
#3512=DIRECTION('center_axis',(1.,0.,0.));
#3513=DIRECTION('ref_axis',(0.,-1.,0.));
#3514=DIRECTION('',(0.,-1.,0.));
#3515=DIRECTION('',(0.,0.,-1.));
#3516=DIRECTION('',(0.,-1.,0.));
#3517=DIRECTION('',(0.,-1.,0.));
#3518=DIRECTION('',(0.,0.,1.));
#3519=DIRECTION('',(0.,1.,0.));
#3520=DIRECTION('',(0.,0.,-1.));
#3521=DIRECTION('',(0.,-1.,0.));
#3522=DIRECTION('',(0.,0.,1.));
#3523=DIRECTION('',(0.,1.,0.));
#3524=DIRECTION('',(0.,0.,-1.));
#3525=DIRECTION('center_axis',(0.,0.,1.));
#3526=DIRECTION('ref_axis',(-0.241522945769824,-0.970395108533976,0.));
#3527=DIRECTION('center_axis',(0.,0.,-1.));
#3528=DIRECTION('ref_axis',(-0.241522945769824,-0.970395108533976,0.));
#3529=DIRECTION('',(0.,0.,1.));
#3530=DIRECTION('center_axis',(0.,0.,1.));
#3531=DIRECTION('ref_axis',(-0.707106781186547,0.707106781186548,0.));
#3532=DIRECTION('center_axis',(0.,0.,-1.));
#3533=DIRECTION('ref_axis',(1.,0.,0.));
#3534=DIRECTION('',(0.,0.,-1.));
#3535=DIRECTION('center_axis',(0.,0.,-1.));
#3536=DIRECTION('ref_axis',(0.241522945769824,-0.970395108533976,0.));
#3537=DIRECTION('',(0.,0.,-1.));
#3538=DIRECTION('center_axis',(0.,0.,-1.));
#3539=DIRECTION('ref_axis',(0.241522945769824,-0.970395108533976,0.));
#3540=DIRECTION('center_axis',(0.,0.,1.));
#3541=DIRECTION('ref_axis',(1.,0.,0.));
#3542=DIRECTION('center_axis',(0.,0.,-1.));
#3543=DIRECTION('ref_axis',(1.,0.,0.));
#3544=DIRECTION('center_axis',(0.,0.,-1.));
#3545=DIRECTION('ref_axis',(0.970395108533976,0.241522945769824,0.));
#3546=DIRECTION('center_axis',(0.,0.,-1.));
#3547=DIRECTION('ref_axis',(0.970395108533976,0.241522945769824,0.));
#3548=DIRECTION('',(0.,0.,1.));
#3549=DIRECTION('center_axis',(0.,0.,1.));
#3550=DIRECTION('ref_axis',(1.,0.,0.));
#3551=DIRECTION('',(0.,0.,-1.));
#3552=DIRECTION('center_axis',(0.,0.,1.));
#3553=DIRECTION('ref_axis',(1.,0.,0.));
#3554=DIRECTION('center_axis',(-1.,0.,0.));
#3555=DIRECTION('ref_axis',(0.,1.,0.));
#3556=DIRECTION('',(0.,1.,0.));
#3557=DIRECTION('',(0.,0.,-1.));
#3558=DIRECTION('',(0.,1.,0.));
#3559=DIRECTION('',(0.,-1.,0.));
#3560=DIRECTION('',(0.,0.,-1.));
#3561=DIRECTION('',(0.,1.,0.));
#3562=DIRECTION('',(0.,0.,1.));
#3563=DIRECTION('',(0.,1.,0.));
#3564=DIRECTION('',(0.,0.,1.));
#3565=DIRECTION('',(0.,-1.,0.));
#3566=DIRECTION('',(0.,0.,-1.));
#3567=DIRECTION('center_axis',(0.,0.,1.));
#3568=DIRECTION('ref_axis',(1.,0.,0.));
#3569=DIRECTION('',(0.,0.,-1.));
#3570=DIRECTION('center_axis',(0.,0.,1.));
#3571=DIRECTION('ref_axis',(1.,0.,0.));
#3572=DIRECTION('center_axis',(-0.207911690817759,0.978147600733806,0.));
#3573=DIRECTION('ref_axis',(-0.978147600733806,-0.207911690817759,0.));
#3574=DIRECTION('',(-0.978147600733806,-0.207911690817759,0.));
#3575=DIRECTION('',(0.,0.,-1.));
#3576=DIRECTION('',(0.978147600733806,0.207911690817759,0.));
#3577=DIRECTION('center_axis',(0.,0.,1.));
#3578=DIRECTION('ref_axis',(-1.,1.22464679914735E-16,0.));
#3579=DIRECTION('',(0.978147600733805,-0.20791169081776,0.));
#3580=DIRECTION('',(1.,-1.22464679914735E-16,0.));
#3581=DIRECTION('',(0.499999999999999,-0.866025403784439,0.));
#3582=DIRECTION('',(-0.5,-0.866025403784439,0.));
#3583=DIRECTION('',(-1.,1.22464679914735E-16,0.));
#3584=DIRECTION('center_axis',(0.,0.,-1.));
#3585=DIRECTION('ref_axis',(-1.,0.,0.));
#3586=DIRECTION('center_axis',(0.,0.,-1.));
#3587=DIRECTION('ref_axis',(1.,-1.22464679914735E-16,0.));
#3588=DIRECTION('',(1.,-1.22464679914735E-16,0.));
#3589=DIRECTION('',(0.5,0.866025403784439,0.));
#3590=DIRECTION('',(-0.499999999999999,0.866025403784439,0.));
#3591=DIRECTION('',(-1.,1.22464679914735E-16,0.));
#3592=DIRECTION('',(-0.978147600733805,0.20791169081776,0.));
#3593=DIRECTION('center_axis',(-0.20791169081776,-0.978147600733806,0.));
#3594=DIRECTION('ref_axis',(0.978147600733805,-0.20791169081776,0.));
#3595=DIRECTION('',(0.,0.,1.));
#3596=DIRECTION('center_axis',(-1.22464679914735E-16,-1.,0.));
#3597=DIRECTION('ref_axis',(1.,-1.22464679914735E-16,0.));
#3598=DIRECTION('',(0.,0.,1.));
#3599=DIRECTION('center_axis',(-0.866025403784439,-0.499999999999999,0.));
#3600=DIRECTION('ref_axis',(0.499999999999999,-0.866025403784439,0.));
#3601=DIRECTION('',(0.,0.,1.));
#3602=DIRECTION('center_axis',(-0.866025403784439,0.5,0.));
#3603=DIRECTION('ref_axis',(-0.5,-0.866025403784439,0.));
#3604=DIRECTION('',(0.,0.,1.));
#3605=DIRECTION('center_axis',(1.22464679914735E-16,1.,0.));
#3606=DIRECTION('ref_axis',(-1.,1.22464679914735E-16,0.));
#3607=DIRECTION('center_axis',(-0.207911690817759,0.978147600733806,0.));
#3608=DIRECTION('ref_axis',(-0.978147600733806,-0.207911690817759,0.));
#3609=DIRECTION('',(-0.978147600733806,-0.207911690817759,0.));
#3610=DIRECTION('',(0.,0.,-1.));
#3611=DIRECTION('',(0.978147600733806,0.207911690817759,0.));
#3612=DIRECTION('center_axis',(0.,0.,1.));
#3613=DIRECTION('ref_axis',(-1.,1.22464679914735E-16,0.));
#3614=DIRECTION('',(0.978147600733805,-0.20791169081776,0.));
#3615=DIRECTION('',(1.,-1.22464679914735E-16,0.));
#3616=DIRECTION('',(0.499999999999999,-0.866025403784439,0.));
#3617=DIRECTION('',(-0.5,-0.866025403784439,0.));
#3618=DIRECTION('',(-1.,1.22464679914735E-16,0.));
#3619=DIRECTION('center_axis',(0.,0.,-1.));
#3620=DIRECTION('ref_axis',(-1.,0.,0.));
#3621=DIRECTION('center_axis',(0.,0.,-1.));
#3622=DIRECTION('ref_axis',(1.,-1.22464679914735E-16,0.));
#3623=DIRECTION('',(1.,-1.22464679914735E-16,0.));
#3624=DIRECTION('',(0.5,0.866025403784439,0.));
#3625=DIRECTION('',(-0.499999999999999,0.866025403784439,0.));
#3626=DIRECTION('',(-1.,1.22464679914735E-16,0.));
#3627=DIRECTION('',(-0.978147600733805,0.20791169081776,0.));
#3628=DIRECTION('center_axis',(-0.20791169081776,-0.978147600733806,0.));
#3629=DIRECTION('ref_axis',(0.978147600733805,-0.20791169081776,0.));
#3630=DIRECTION('',(0.,0.,1.));
#3631=DIRECTION('center_axis',(-1.22464679914735E-16,-1.,0.));
#3632=DIRECTION('ref_axis',(1.,-1.22464679914735E-16,0.));
#3633=DIRECTION('',(0.,0.,1.));
#3634=DIRECTION('center_axis',(-0.866025403784439,-0.499999999999999,0.));
#3635=DIRECTION('ref_axis',(0.499999999999999,-0.866025403784439,0.));
#3636=DIRECTION('',(0.,0.,1.));
#3637=DIRECTION('center_axis',(-0.866025403784439,0.5,0.));
#3638=DIRECTION('ref_axis',(-0.5,-0.866025403784439,0.));
#3639=DIRECTION('',(0.,0.,1.));
#3640=DIRECTION('center_axis',(1.22464679914735E-16,1.,0.));
#3641=DIRECTION('ref_axis',(-1.,1.22464679914735E-16,0.));
#3642=DIRECTION('center_axis',(0.207911690817759,-0.978147600733806,0.));
#3643=DIRECTION('ref_axis',(0.978147600733806,0.207911690817759,0.));
#3644=DIRECTION('',(0.978147600733805,0.207911690817759,0.));
#3645=DIRECTION('',(0.,0.,-1.));
#3646=DIRECTION('',(-0.978147600733805,-0.207911690817759,0.));
#3647=DIRECTION('center_axis',(0.,0.,1.));
#3648=DIRECTION('ref_axis',(1.,0.,0.));
#3649=DIRECTION('',(-0.978147600733805,0.20791169081776,0.));
#3650=DIRECTION('',(-1.,0.,0.));
#3651=DIRECTION('',(-0.5,0.866025403784439,0.));
#3652=DIRECTION('',(0.5,0.866025403784439,0.));
#3653=DIRECTION('',(1.,0.,0.));
#3654=DIRECTION('center_axis',(0.,0.,-1.));
#3655=DIRECTION('ref_axis',(-1.,0.,0.));
#3656=DIRECTION('center_axis',(0.,0.,-1.));
#3657=DIRECTION('ref_axis',(-1.,0.,0.));
#3658=DIRECTION('',(-1.,0.,0.));
#3659=DIRECTION('',(-0.5,-0.866025403784439,0.));
#3660=DIRECTION('',(0.5,-0.866025403784439,0.));
#3661=DIRECTION('',(1.,0.,0.));
#3662=DIRECTION('',(0.978147600733805,-0.20791169081776,0.));
#3663=DIRECTION('center_axis',(0.20791169081776,0.978147600733806,0.));
#3664=DIRECTION('ref_axis',(-0.978147600733805,0.20791169081776,0.));
#3665=DIRECTION('',(0.,0.,1.));
#3666=DIRECTION('center_axis',(0.,1.,0.));
#3667=DIRECTION('ref_axis',(-1.,0.,0.));
#3668=DIRECTION('',(0.,0.,1.));
#3669=DIRECTION('center_axis',(0.866025403784439,0.5,0.));
#3670=DIRECTION('ref_axis',(-0.5,0.866025403784439,0.));
#3671=DIRECTION('',(0.,0.,1.));
#3672=DIRECTION('center_axis',(0.866025403784439,-0.5,0.));
#3673=DIRECTION('ref_axis',(0.5,0.866025403784439,0.));
#3674=DIRECTION('',(0.,0.,1.));
#3675=DIRECTION('center_axis',(0.,-1.,0.));
#3676=DIRECTION('ref_axis',(1.,0.,0.));
#3677=DIRECTION('center_axis',(0.,0.,-1.));
#3678=DIRECTION('ref_axis',(-1.,0.,0.));
#3679=DIRECTION('',(-0.978147600733805,-0.207911690817759,0.));
#3680=DIRECTION('',(-1.,0.,0.));
#3681=DIRECTION('',(-0.5,-0.866025403784439,0.));
#3682=DIRECTION('',(0.5,-0.866025403784439,0.));
#3683=DIRECTION('',(1.,0.,0.));
#3684=DIRECTION('',(0.978147600733805,-0.20791169081776,0.));
#3685=DIRECTION('center_axis',(0.20791169081776,0.978147600733806,0.));
#3686=DIRECTION('ref_axis',(-0.978147600733805,0.20791169081776,0.));
#3687=DIRECTION('',(0.,0.,-1.));
#3688=DIRECTION('',(-0.978147600733805,0.20791169081776,0.));
#3689=DIRECTION('center_axis',(0.207911690817759,-0.978147600733806,0.));
#3690=DIRECTION('ref_axis',(0.978147600733806,0.207911690817759,0.));
#3691=DIRECTION('',(0.978147600733805,0.207911690817759,0.));
#3692=DIRECTION('',(0.,0.,1.));
#3693=DIRECTION('center_axis',(0.,-1.,0.));
#3694=DIRECTION('ref_axis',(1.,0.,0.));
#3695=DIRECTION('',(1.,0.,0.));
#3696=DIRECTION('',(0.,0.,1.));
#3697=DIRECTION('center_axis',(0.,1.,0.));
#3698=DIRECTION('ref_axis',(-1.,0.,0.));
#3699=DIRECTION('',(0.,0.,1.));
#3700=DIRECTION('',(-1.,0.,0.));
#3701=DIRECTION('center_axis',(0.,0.,1.));
#3702=DIRECTION('ref_axis',(1.,0.,0.));
#3703=DIRECTION('',(-0.5,0.866025403784439,0.));
#3704=DIRECTION('',(0.5,0.866025403784439,0.));
#3705=DIRECTION('center_axis',(0.,0.,-1.));
#3706=DIRECTION('ref_axis',(-1.,0.,0.));
#3707=DIRECTION('center_axis',(0.866025403784439,0.5,0.));
#3708=DIRECTION('ref_axis',(-0.5,0.866025403784439,0.));
#3709=DIRECTION('',(0.,0.,1.));
#3710=DIRECTION('center_axis',(0.866025403784439,-0.5,0.));
#3711=DIRECTION('ref_axis',(0.5,0.866025403784439,0.));
#3712=DIRECTION('center_axis',(0.,0.,-1.));
#3713=DIRECTION('ref_axis',(-1.,0.,0.));
#3714=DIRECTION('center_axis',(0.,0.,-1.));
#3715=DIRECTION('ref_axis',(-1.,0.,0.));
#3716=DIRECTION('',(0.,0.,-1.));
#3717=DIRECTION('center_axis',(0.,0.,-1.));
#3718=DIRECTION('ref_axis',(-1.,0.,0.));
#3719=DIRECTION('center_axis',(0.,0.,-1.));
#3720=DIRECTION('ref_axis',(-1.,0.,0.));
#3721=DIRECTION('',(0.,0.,-1.));
#3722=DIRECTION('center_axis',(0.,0.,-1.));
#3723=DIRECTION('ref_axis',(-1.,0.,0.));
#3724=DIRECTION('center_axis',(0.,0.,-1.));
#3725=DIRECTION('ref_axis',(-1.,0.,0.));
#3726=DIRECTION('',(0.,0.,-1.));
#3727=DIRECTION('center_axis',(0.,0.,-1.));
#3728=DIRECTION('ref_axis',(-1.,0.,0.));
#3729=DIRECTION('center_axis',(0.,0.,-1.));
#3730=DIRECTION('ref_axis',(-1.,0.,0.));
#3731=DIRECTION('',(0.,0.,-1.));
#3732=DIRECTION('center_axis',(0.,0.,1.));
#3733=DIRECTION('ref_axis',(-1.,0.,0.));
#3734=DIRECTION('',(0.,-1.,0.));
#3735=DIRECTION('',(0.,-1.,0.));
#3736=DIRECTION('center_axis',(1.,0.,0.));
#3737=DIRECTION('ref_axis',(0.,0.,1.));
#3738=DIRECTION('center_axis',(-1.,0.,0.));
#3739=DIRECTION('ref_axis',(0.,0.,-1.));
#3740=DIRECTION('center_axis',(1.,0.,0.));
#3741=DIRECTION('ref_axis',(0.,-1.,0.));
#3742=DIRECTION('',(0.,-1.,0.));
#3743=DIRECTION('',(0.,0.,-1.));
#3744=DIRECTION('center_axis',(-1.,0.,0.));
#3745=DIRECTION('ref_axis',(0.,1.,0.));
#3746=DIRECTION('',(0.,0.,-1.));
#3747=DIRECTION('',(0.,1.,0.));
#3748=DIRECTION('center_axis',(0.,-1.,0.));
#3749=DIRECTION('ref_axis',(-1.,0.,0.));
#3750=DIRECTION('',(-1.,0.,0.));
#3751=DIRECTION('',(-1.,0.,0.));
#3752=DIRECTION('',(-1.,0.,0.));
#3753=DIRECTION('center_axis',(0.,0.,-1.));
#3754=DIRECTION('ref_axis',(1.,0.,0.));
#3755=DIRECTION('center_axis',(0.,0.,-1.));
#3756=DIRECTION('ref_axis',(1.,0.,0.));
#3757=CARTESIAN_POINT('',(0.,0.,0.));
#3758=CARTESIAN_POINT('Origin',(-65.,24.,90.5));
#3759=CARTESIAN_POINT('',(-65.,24.,90.5));
#3760=CARTESIAN_POINT('',(-65.,24.,1.77635683940025E-14));
#3761=CARTESIAN_POINT('',(-65.,24.,93.));
#3762=CARTESIAN_POINT('',(65.,24.,90.5));
#3763=CARTESIAN_POINT('',(-65.,24.,90.5));
#3764=CARTESIAN_POINT('',(65.,24.,1.77635683940025E-14));
#3765=CARTESIAN_POINT('',(65.,24.,93.));
#3766=CARTESIAN_POINT('',(-32.5,24.,0.));
#3767=CARTESIAN_POINT('Origin',(0.,0.,0.));
#3768=CARTESIAN_POINT('',(65.,0.124722220850448,2.92737440041422E-15));
#3769=CARTESIAN_POINT('',(65.,-26.,0.));
#3770=CARTESIAN_POINT('',(71.4166666666667,-25.6562731482625,-1.22464679914735E-16));
#3771=CARTESIAN_POINT('Origin',(120.,0.124722220850448,0.));
#3772=CARTESIAN_POINT('',(64.6562731482625,-32.4166666666667,-1.22464679914735E-16));
#3773=CARTESIAN_POINT('Origin',(67.,-28.,-1.22464679914735E-16));
#3774=CARTESIAN_POINT('',(38.8752777791495,-26.,-1.37850682966937E-17));
#3775=CARTESIAN_POINT('Origin',(38.8752777791495,-81.,0.));
#3776=CARTESIAN_POINT('',(-38.8752777791496,-26.,-3.46695660166853E-18));
#3777=CARTESIAN_POINT('',(-65.,-26.,0.));
#3778=CARTESIAN_POINT('',(-64.6562731482625,-32.4166666666667,-1.22464679914735E-16));
#3779=CARTESIAN_POINT('Origin',(-38.8752777791496,-81.,0.));
#3780=CARTESIAN_POINT('',(-71.4166666666667,-25.6562731482625,-1.22464679914735E-16));
#3781=CARTESIAN_POINT('Origin',(-67.,-28.,-1.22464679914735E-16));
#3782=CARTESIAN_POINT('',(-65.,0.124722220850488,-2.06629915968198E-14));
#3783=CARTESIAN_POINT('Origin',(-120.,0.124722220850488,0.));
#3784=CARTESIAN_POINT('',(-65.,26.,-1.77635683940025E-14));
#3785=CARTESIAN_POINT('',(65.25,-28.,-1.22464679914735E-16));
#3786=CARTESIAN_POINT('Origin',(67.,-28.,-1.22464679914735E-16));
#3787=CARTESIAN_POINT('',(-68.75,-28.,-1.22464679914735E-16));
#3788=CARTESIAN_POINT('Origin',(-67.,-28.,-1.22464679914735E-16));
#3789=CARTESIAN_POINT('Origin',(65.,26.,95.5));
#3790=CARTESIAN_POINT('',(65.,56.,90.5));
#3791=CARTESIAN_POINT('',(65.,56.,90.5));
#3792=CARTESIAN_POINT('',(65.,56.,95.5));
#3793=CARTESIAN_POINT('',(65.,56.,95.5));
#3794=CARTESIAN_POINT('',(65.,7.99999999999999,95.5));
#3795=CARTESIAN_POINT('',(65.,13.,95.5));
#3796=CARTESIAN_POINT('',(65.,8.,56.892));
#3797=CARTESIAN_POINT('',(65.,7.99999999999999,95.5));
#3798=CARTESIAN_POINT('',(65.,-8.00000000000001,56.892));
#3799=CARTESIAN_POINT('',(65.,15.5,56.892));
#3800=CARTESIAN_POINT('',(65.,-8.00000000000001,95.5));
#3801=CARTESIAN_POINT('',(65.,-8.00000000000001,73.696));
#3802=CARTESIAN_POINT('',(65.,-26.,95.5));
#3803=CARTESIAN_POINT('',(65.,13.,95.5));
#3804=CARTESIAN_POINT('',(65.,-26.,5.));
#3805=CARTESIAN_POINT('',(65.,-26.,95.5));
#3806=CARTESIAN_POINT('',(65.,0.124722220850448,5.));
#3807=CARTESIAN_POINT('',(65.,-1.00000000000001,5.));
#3808=CARTESIAN_POINT('',(65.,0.124722220850448,-1.22464679914735E-16));
#3809=CARTESIAN_POINT('',(65.,-8.50000000000001,55.0083614357495));
#3810=CARTESIAN_POINT('',(65.,-8.50000000000001,55.2040183588832));
#3811=CARTESIAN_POINT('Ctrl Pts',(65.,-8.49999999999979,55.0083614357458));
#3812=CARTESIAN_POINT('Ctrl Pts',(65.,-8.50177613790196,55.0391311065248));
#3813=CARTESIAN_POINT('Ctrl Pts',(65.,-8.50267997765135,55.0694192288639));
#3814=CARTESIAN_POINT('Ctrl Pts',(65.,-8.50280577457666,55.0989611865128));
#3815=CARTESIAN_POINT('Ctrl Pts',(65.,-8.50295118156332,55.1331083409938));
#3816=CARTESIAN_POINT('Ctrl Pts',(65.,-8.50206389846945,55.1682634930028));
#3817=CARTESIAN_POINT('Ctrl Pts',(65.,-8.5,55.2040183588832));
#3818=CARTESIAN_POINT('',(65.,-8.50000000000001,51.892));
#3819=CARTESIAN_POINT('Origin',(37.875,41.0000000000001,95.5));
#3820=CARTESIAN_POINT('',(37.875,41.0000000000001,94.833757217249));
#3821=CARTESIAN_POINT('',(38.3321067811865,41.0000000000001,94.75));
#3822=CARTESIAN_POINT('Origin',(37.625,41.0000000000001,96.1642135623731));
#3823=CARTESIAN_POINT('',(37.875,41.0000000000001,90.5));
#3824=CARTESIAN_POINT('',(37.875,41.0000000000001,95.5));
#3825=CARTESIAN_POINT('',(38.4067541634482,41.0000000000001,90.5));
#3826=CARTESIAN_POINT('',(18.9375,41.,90.5));
#3827=CARTESIAN_POINT('',(39.375,41.0000000000001,90.5317541634482));
#3828=CARTESIAN_POINT('Ctrl Pts',(39.375,41.0000000000001,90.5317541634482));
#3829=CARTESIAN_POINT('Ctrl Pts',(39.1653237399543,41.0000000000001,90.5317541634482));
#3830=CARTESIAN_POINT('Ctrl Pts',(38.9141170444757,41.0000000000001,90.5174870983965));
#3831=CARTESIAN_POINT('Ctrl Pts',(38.6116086813636,41.0000000000001,90.503742671875));
#3832=CARTESIAN_POINT('Ctrl Pts',(38.4998983436194,41.0000000000001,90.5));
#3833=CARTESIAN_POINT('Ctrl Pts',(38.4067541634482,41.0000000000001,90.5));
#3834=CARTESIAN_POINT('',(40.625,41.0000000000001,90.5317541634482));
#3835=CARTESIAN_POINT('',(14.1875,41.0000000000001,90.5317541634482));
#3836=CARTESIAN_POINT('',(41.5932458365518,41.0000000000001,90.5));
#3837=CARTESIAN_POINT('Ctrl Pts',(41.5932458365518,41.0000000000001,90.5));
#3838=CARTESIAN_POINT('Ctrl Pts',(41.5001016563806,41.0000000000001,90.5));
#3839=CARTESIAN_POINT('Ctrl Pts',(41.3883913186364,41.0000000000001,90.503742671875));
#3840=CARTESIAN_POINT('Ctrl Pts',(41.0858829555243,41.0000000000001,90.5174870983965));
#3841=CARTESIAN_POINT('Ctrl Pts',(40.8346762600456,41.0000000000001,90.5317541634482));
#3842=CARTESIAN_POINT('Ctrl Pts',(40.625,41.0000000000001,90.5317541634482));
#3843=CARTESIAN_POINT('',(42.125,41.0000000000001,90.5));
#3844=CARTESIAN_POINT('',(18.9375,41.,90.5));
#3845=CARTESIAN_POINT('',(42.125,41.0000000000001,94.833757217249));
#3846=CARTESIAN_POINT('',(42.125,41.0000000000001,95.5));
#3847=CARTESIAN_POINT('',(41.6678932188135,41.0000000000001,94.75));
#3848=CARTESIAN_POINT('Origin',(42.375,41.0000000000001,96.1642135623731));
#3849=CARTESIAN_POINT('',(26.03125,41.0000000000001,94.75));
#3850=CARTESIAN_POINT('Origin',(42.125,41.0000000000001,95.5));
#3851=CARTESIAN_POINT('',(42.125,40.0428932188135,94.5));
#3852=CARTESIAN_POINT('Origin',(42.125,40.75,95.9142135623731));
#3853=CARTESIAN_POINT('',(42.125,40.5728756555323,90.5));
#3854=CARTESIAN_POINT('',(42.125,41.,90.5));
#3855=CARTESIAN_POINT('',(42.125,39.25,90.6339745962156));
#3856=CARTESIAN_POINT('Ctrl Pts',(42.125,39.25,90.6339745962156));
#3857=CARTESIAN_POINT('Ctrl Pts',(42.125,39.5289185633539,90.6339745962156));
#3858=CARTESIAN_POINT('Ctrl Pts',(42.125,39.857772150705,90.5716774721852));
#3859=CARTESIAN_POINT('Ctrl Pts',(42.125,40.270611223577,90.5155064298806));
#3860=CARTESIAN_POINT('Ctrl Pts',(42.125,40.435151342932,90.5));
#3861=CARTESIAN_POINT('Ctrl Pts',(42.125,40.5728756555323,90.5));
#3862=CARTESIAN_POINT('',(42.125,32.75,90.6339745962156));
#3863=CARTESIAN_POINT('',(42.125,40.625,90.6339745962156));
#3864=CARTESIAN_POINT('',(42.125,31.4271243444677,90.5));
#3865=CARTESIAN_POINT('Ctrl Pts',(42.125,31.4271243444677,90.5));
#3866=CARTESIAN_POINT('Ctrl Pts',(42.125,31.5648486570681,90.5));
#3867=CARTESIAN_POINT('Ctrl Pts',(42.125,31.7293887764231,90.5155064298806));
#3868=CARTESIAN_POINT('Ctrl Pts',(42.125,32.1422278492951,90.5716774721852));
#3869=CARTESIAN_POINT('Ctrl Pts',(42.125,32.4710814366461,90.6339745962156));
#3870=CARTESIAN_POINT('Ctrl Pts',(42.125,32.75,90.6339745962156));
#3871=CARTESIAN_POINT('',(42.125,31.0000000000001,90.5));
#3872=CARTESIAN_POINT('',(42.125,41.,90.5));
#3873=CARTESIAN_POINT('',(42.125,31.0000000000001,94.833757217249));
#3874=CARTESIAN_POINT('',(42.125,31.0000000000001,95.5));
#3875=CARTESIAN_POINT('',(42.125,31.9571067811866,94.5));
#3876=CARTESIAN_POINT('Origin',(42.125,31.2500000000001,95.9142135623731));
#3877=CARTESIAN_POINT('',(42.125,30.5625,94.5));
#3878=CARTESIAN_POINT('Origin',(37.875,31.0000000000001,95.5));
#3879=CARTESIAN_POINT('',(37.875,40.0428932188135,94.5));
#3880=CARTESIAN_POINT('Origin',(37.875,40.75,95.9142135623731));
#3881=CARTESIAN_POINT('',(37.875,31.9571067811866,94.5));
#3882=CARTESIAN_POINT('',(37.875,23.4375,94.5));
#3883=CARTESIAN_POINT('',(37.875,31.0000000000001,94.833757217249));
#3884=CARTESIAN_POINT('Origin',(37.875,31.25,95.9142135623731));
#3885=CARTESIAN_POINT('',(37.875,31.0000000000001,90.5));
#3886=CARTESIAN_POINT('',(37.875,31.0000000000001,95.5));
#3887=CARTESIAN_POINT('',(37.875,31.4271243444677,90.5));
#3888=CARTESIAN_POINT('',(37.875,36.,90.5));
#3889=CARTESIAN_POINT('',(37.875,32.75,90.6339745962156));
#3890=CARTESIAN_POINT('Ctrl Pts',(37.875,32.75,90.6339745962156));
#3891=CARTESIAN_POINT('Ctrl Pts',(37.875,32.4710814366461,90.6339745962156));
#3892=CARTESIAN_POINT('Ctrl Pts',(37.875,32.1422278492951,90.5716774721852));
#3893=CARTESIAN_POINT('Ctrl Pts',(37.875,31.7293887764231,90.5155064298806));
#3894=CARTESIAN_POINT('Ctrl Pts',(37.875,31.5648486570681,90.5));
#3895=CARTESIAN_POINT('Ctrl Pts',(37.875,31.4271243444677,90.5));
#3896=CARTESIAN_POINT('',(37.875,39.25,90.6339745962156));
#3897=CARTESIAN_POINT('',(37.875,36.375,90.6339745962156));
#3898=CARTESIAN_POINT('',(37.875,40.5728756555323,90.5));
#3899=CARTESIAN_POINT('Ctrl Pts',(37.875,40.5728756555323,90.5));
#3900=CARTESIAN_POINT('Ctrl Pts',(37.875,40.435151342932,90.5));
#3901=CARTESIAN_POINT('Ctrl Pts',(37.875,40.270611223577,90.5155064298806));
#3902=CARTESIAN_POINT('Ctrl Pts',(37.875,39.857772150705,90.5716774721852));
#3903=CARTESIAN_POINT('Ctrl Pts',(37.875,39.5289185633539,90.6339745962156));
#3904=CARTESIAN_POINT('Ctrl Pts',(37.875,39.25,90.6339745962156));
#3905=CARTESIAN_POINT('',(37.875,36.,90.5));
#3906=CARTESIAN_POINT('Origin',(42.125,31.0000000000001,95.5));
#3907=CARTESIAN_POINT('',(38.3321067811866,31.0000000000001,94.75));
#3908=CARTESIAN_POINT('Origin',(37.625,31.0000000000001,96.1642135623731));
#3909=CARTESIAN_POINT('',(41.6678932188134,31.0000000000001,94.75));
#3910=CARTESIAN_POINT('',(28.96875,31.0000000000001,94.75));
#3911=CARTESIAN_POINT('Origin',(42.375,31.0000000000001,96.1642135623731));
#3912=CARTESIAN_POINT('',(41.5932458365519,31.0000000000001,90.5));
#3913=CARTESIAN_POINT('',(21.0625,31.0000000000001,90.5));
#3914=CARTESIAN_POINT('',(40.625,31.0000000000001,90.5317541634482));
#3915=CARTESIAN_POINT('Ctrl Pts',(40.625,31.0000000000001,90.5317541634482));
#3916=CARTESIAN_POINT('Ctrl Pts',(40.8346762600457,31.0000000000001,90.5317541634482));
#3917=CARTESIAN_POINT('Ctrl Pts',(41.0858829555243,31.0000000000001,90.5174870983965));
#3918=CARTESIAN_POINT('Ctrl Pts',(41.3883913186364,31.0000000000001,90.503742671875));
#3919=CARTESIAN_POINT('Ctrl Pts',(41.5001016563806,31.0000000000001,90.5));
#3920=CARTESIAN_POINT('Ctrl Pts',(41.5932458365519,31.0000000000001,90.5));
#3921=CARTESIAN_POINT('',(39.375,31.0000000000001,90.5317541634482));
#3922=CARTESIAN_POINT('',(15.8125,31.0000000000001,90.5317541634482));
#3923=CARTESIAN_POINT('',(38.4067541634481,31.0000000000001,90.5));
#3924=CARTESIAN_POINT('Ctrl Pts',(38.4067541634481,31.0000000000001,90.5));
#3925=CARTESIAN_POINT('Ctrl Pts',(38.4998983436194,31.0000000000001,90.5));
#3926=CARTESIAN_POINT('Ctrl Pts',(38.6116086813635,31.0000000000001,90.503742671875));
#3927=CARTESIAN_POINT('Ctrl Pts',(38.9141170444756,31.0000000000001,90.5174870983965));
#3928=CARTESIAN_POINT('Ctrl Pts',(39.1653237399543,31.0000000000001,90.5317541634482));
#3929=CARTESIAN_POINT('Ctrl Pts',(39.375,31.0000000000001,90.5317541634482));
#3930=CARTESIAN_POINT('',(21.0625,31.0000000000001,90.5));
#3931=CARTESIAN_POINT('Origin',(14.1875,41.,94.75));
#3932=CARTESIAN_POINT('',(42.3446699141101,41.6767766952967,95.4267766952967));
#3933=CARTESIAN_POINT('',(33.7265121458756,33.0586189270622,86.8086189270622));
#3934=CARTESIAN_POINT('',(37.6553300858899,41.6767766952967,95.4267766952967));
#3935=CARTESIAN_POINT('',(2.09375,41.6767766952967,95.4267766952967));
#3936=CARTESIAN_POINT('',(38.377654520791,40.9544522603956,94.7044522603955));
#3937=CARTESIAN_POINT('Origin',(33.7265121458756,32.3515121458757,87.5157257082488));
#3938=CARTESIAN_POINT('',(43.0517766952966,40.9696699141101,95.4267766952967));
#3939=CARTESIAN_POINT('',(34.4336189270622,32.3515121458757,86.8086189270622));
#3940=CARTESIAN_POINT('Origin',(41.4607864376269,40.0857864376269,95.25));
#3941=CARTESIAN_POINT('Origin',(42.375,20.125,94.75));
#3942=CARTESIAN_POINT('',(43.0517766952966,31.03033008589,95.4267766952966));
#3943=CARTESIAN_POINT('',(39.9961189270622,34.0859878541244,92.3711189270622));
#3944=CARTESIAN_POINT('',(43.0517766952966,10.0625,95.4267766952967));
#3945=CARTESIAN_POINT('Origin',(39.2890121458756,34.0859878541244,93.0782257082487));
#3946=CARTESIAN_POINT('',(42.3446699141101,30.3232233047034,95.4267766952967));
#3947=CARTESIAN_POINT('',(39.2890121458756,33.3788810729379,92.3711189270622));
#3948=CARTESIAN_POINT('Origin',(41.4607864376269,31.9142135623731,95.25));
#3949=CARTESIAN_POINT('Origin',(37.375,36.375,91.5));
#3950=CARTESIAN_POINT('',(37.375,32.75,90.5));
#3951=CARTESIAN_POINT('Origin',(37.375,32.75,91.5));
#3952=CARTESIAN_POINT('',(37.375,39.25,90.5));
#3953=CARTESIAN_POINT('',(37.375,36.375,90.5));
#3954=CARTESIAN_POINT('Origin',(37.375,39.25,91.5));
#3955=CARTESIAN_POINT('Origin',(39.375,39.25,91.5));
#3956=CARTESIAN_POINT('',(39.375,41.25,90.5));
#3957=CARTESIAN_POINT('Origin',(39.375,39.25,90.5));
#3958=CARTESIAN_POINT('Origin',(39.375,41.25,91.5));
#3959=CARTESIAN_POINT('Origin',(39.375,39.25,91.5));
#3960=CARTESIAN_POINT('Origin',(39.375,39.25,90.5));
#3961=CARTESIAN_POINT('Origin',(39.375,32.75,91.5));
#3962=CARTESIAN_POINT('',(39.375,30.75,90.5));
#3963=CARTESIAN_POINT('Origin',(39.375,30.75,91.5));
#3964=CARTESIAN_POINT('Origin',(39.375,32.75,90.5));
#3965=CARTESIAN_POINT('Origin',(39.375,32.75,91.5));
#3966=CARTESIAN_POINT('Origin',(39.375,32.75,90.5));
#3967=CARTESIAN_POINT('Origin',(15.8125,30.75,91.5));
#3968=CARTESIAN_POINT('',(40.625,30.75,90.5));
#3969=CARTESIAN_POINT('Origin',(40.625,30.75,91.5));
#3970=CARTESIAN_POINT('',(15.8125,30.75,90.5));
#3971=CARTESIAN_POINT('Origin',(40.625,39.25,91.5));
#3972=CARTESIAN_POINT('',(42.625,39.25,90.5));
#3973=CARTESIAN_POINT('Origin',(40.625,39.25,90.5));
#3974=CARTESIAN_POINT('Origin',(42.625,39.25,91.5));
#3975=CARTESIAN_POINT('Origin',(40.625,32.75,91.5));
#3976=CARTESIAN_POINT('',(42.625,32.75,90.5));
#3977=CARTESIAN_POINT('Origin',(42.625,32.75,91.5));
#3978=CARTESIAN_POINT('Origin',(40.625,32.75,90.5));
#3979=CARTESIAN_POINT('Origin',(40.625,32.75,91.5));
#3980=CARTESIAN_POINT('Origin',(40.625,32.75,90.5));
#3981=CARTESIAN_POINT('Origin',(16.2714466094067,38.0000000000001,95.5));
#3982=CARTESIAN_POINT('',(22.0792106734509,38.0000000000001,90.5));
#3983=CARTESIAN_POINT('',(22.0792106734509,38.0000000000001,95.5));
#3984=CARTESIAN_POINT('',(22.0792106734509,38.0000000000001,95.5));
#3985=CARTESIAN_POINT('',(28.2714466094067,38.0000000000001,90.5));
#3986=CARTESIAN_POINT('',(8.13572330470336,38.0000000000001,90.5));
#3987=CARTESIAN_POINT('',(28.2714466094067,38.0000000000001,95.5));
#3988=CARTESIAN_POINT('',(28.2714466094067,38.0000000000001,95.5));
#3989=CARTESIAN_POINT('',(8.13572330470336,38.0000000000001,95.5));
#3990=CARTESIAN_POINT('Origin',(28.2714466094067,34.0000000000001,95.5));
#3991=CARTESIAN_POINT('',(22.0792106734509,34.0000000000001,90.5));
#3992=CARTESIAN_POINT('',(28.2714466094067,34.0000000000001,90.5));
#3993=CARTESIAN_POINT('',(14.1357233047034,34.0000000000001,90.5));
#3994=CARTESIAN_POINT('',(22.0792106734509,34.0000000000001,95.5));
#3995=CARTESIAN_POINT('',(22.0792106734509,34.0000000000001,95.5));
#3996=CARTESIAN_POINT('',(28.2714466094067,34.0000000000001,95.5));
#3997=CARTESIAN_POINT('',(14.1357233047034,34.0000000000001,95.5));
#3998=CARTESIAN_POINT('',(28.2714466094067,34.0000000000001,95.5));
#3999=CARTESIAN_POINT('Origin',(28.2714466094067,38.0000000000001,95.5));
#4000=CARTESIAN_POINT('',(28.2714466094067,39.5,90.5));
#4001=CARTESIAN_POINT('',(28.2714466094067,19.,95.5));
#4002=CARTESIAN_POINT('Origin',(0.,-8.88178419700125E-15,95.5));
#4003=CARTESIAN_POINT('',(-59.5180440233278,-1.78553120742971,95.5));
#4004=CARTESIAN_POINT('',(-51.7812334737856,11.3190036845113,95.5));
#4005=CARTESIAN_POINT('Origin',(-47.5757869769062,-1.55448476313325E-8,
95.5));
#4006=CARTESIAN_POINT('',(-51.1379477677014,13.0856042134149,95.5));
#4007=CARTESIAN_POINT('Origin',(-95.2569506727271,28.1505702517861,95.5));
#4008=CARTESIAN_POINT('',(-45.7773016301529,19.6056006250877,95.5));
#4009=CARTESIAN_POINT('Origin',(-39.7723243801528,9.20467492979252,95.5));
#4010=CARTESIAN_POINT('',(-39.7723243801528,23.0725758568529,95.5));
#4011=CARTESIAN_POINT('',(-32.8555505682903,27.0659770790556,95.5));
#4012=CARTESIAN_POINT('',(53.5105631842257,23.0725758568529,95.5));
#4013=CARTESIAN_POINT('',(-19.8861621900764,23.0725758568529,95.5));
#4014=CARTESIAN_POINT('',(58.9887848859707,18.086912203526,95.5));
#4015=CARTESIAN_POINT('',(44.6189154989979,31.1647574252454,95.5));
#4016=CARTESIAN_POINT('',(62.8545510937173,7.99999999999999,95.5));
#4017=CARTESIAN_POINT('Origin',(50.9051676198472,9.20467492979252,95.5));
#4018=CARTESIAN_POINT('',(24.6896878898282,7.99999999999999,95.5));
#4019=CARTESIAN_POINT('',(-65.,56.,95.5));
#4020=CARTESIAN_POINT('',(-65.,56.,95.5));
#4021=CARTESIAN_POINT('',(-65.,-26.,95.5));
#4022=CARTESIAN_POINT('',(-65.,-13.,95.5));
#4023=CARTESIAN_POINT('',(-55.9841697597641,-26.,95.5));
#4024=CARTESIAN_POINT('',(32.5,-26.,95.5));
#4025=CARTESIAN_POINT('',(-61.507936575448,-16.4325552260725,95.5));
#4026=CARTESIAN_POINT('',(-54.6153136643925,-28.370928305434,95.5));
#4027=CARTESIAN_POINT('',(-60.1508059238351,-2.5251240344201,95.5));
#4028=CARTESIAN_POINT('Origin',(-51.1070108801528,-10.4275779760725,95.5));
#4029=CARTESIAN_POINT('Origin',(-95.2569506727271,28.1505702517861,95.5));
#4030=CARTESIAN_POINT('',(58.25,51.,95.5));
#4031=CARTESIAN_POINT('Origin',(60.,51.,95.5));
#4032=CARTESIAN_POINT('',(-61.75,51.,95.5));
#4033=CARTESIAN_POINT('Origin',(-60.,51.,95.5));
#4034=CARTESIAN_POINT('',(58.25,29.,95.5));
#4035=CARTESIAN_POINT('Origin',(60.,29.,95.5));
#4036=CARTESIAN_POINT('',(-61.75,29.,95.5));
#4037=CARTESIAN_POINT('Origin',(-60.,29.,95.5));
#4038=CARTESIAN_POINT('',(37.6553300858899,41.8535533905933,95.5));
#4039=CARTESIAN_POINT('',(42.3446699141101,41.8535533905933,95.5));
#4040=CARTESIAN_POINT('',(2.09375,41.8535533905933,95.5));
#4041=CARTESIAN_POINT('',(43.2285533905932,40.9696699141101,95.5));
#4042=CARTESIAN_POINT('Ctrl Pts',(43.2285533905933,40.9696699141101,95.5));
#4043=CARTESIAN_POINT('Ctrl Pts',(43.2285533905933,41.2368677953938,95.5));
#4044=CARTESIAN_POINT('Ctrl Pts',(43.0630753761281,41.6880753761281,95.5));
#4045=CARTESIAN_POINT('Ctrl Pts',(42.6118677953938,41.8535533905933,95.5));
#4046=CARTESIAN_POINT('Ctrl Pts',(42.3446699141101,41.8535533905933,95.5));
#4047=CARTESIAN_POINT('',(43.2285533905933,31.03033008589,95.5));
#4048=CARTESIAN_POINT('',(43.2285533905933,10.0625,95.5));
#4049=CARTESIAN_POINT('',(42.3446699141101,30.1464466094068,95.5));
#4050=CARTESIAN_POINT('Ctrl Pts',(42.3446699141101,30.1464466094068,95.5));
#4051=CARTESIAN_POINT('Ctrl Pts',(42.6118677953938,30.1464466094068,95.5));
#4052=CARTESIAN_POINT('Ctrl Pts',(43.063077951015,30.3119220489851,95.5));
#4053=CARTESIAN_POINT('Ctrl Pts',(43.2285533905933,30.7631322046062,95.5));
#4054=CARTESIAN_POINT('Ctrl Pts',(43.2285533905933,31.03033008589,95.5));
#4055=CARTESIAN_POINT('',(37.6553300858899,30.1464466094068,95.5));
#4056=CARTESIAN_POINT('',(2.90625,30.1464466094068,95.5));
#4057=CARTESIAN_POINT('',(36.7714466094067,31.03033008589,95.5));
#4058=CARTESIAN_POINT('Ctrl Pts',(36.7714466094067,31.03033008589,95.5));
#4059=CARTESIAN_POINT('Ctrl Pts',(36.7714466094067,30.7631322046062,95.5));
#4060=CARTESIAN_POINT('Ctrl Pts',(36.9369203229707,30.3119203229708,95.5));
#4061=CARTESIAN_POINT('Ctrl Pts',(37.3881322046062,30.1464466094068,95.5));
#4062=CARTESIAN_POINT('Ctrl Pts',(37.6553300858899,30.1464466094068,95.5));
#4063=CARTESIAN_POINT('',(36.7714466094067,40.9696699141101,95.5));
#4064=CARTESIAN_POINT('',(36.7714466094067,7.9375,95.5));
#4065=CARTESIAN_POINT('Ctrl Pts',(37.6553300858899,41.8535533905933,95.5));
#4066=CARTESIAN_POINT('Ctrl Pts',(37.3881322046062,41.8535533905933,95.5));
#4067=CARTESIAN_POINT('Ctrl Pts',(36.9369233895993,41.6880766104007,95.5));
#4068=CARTESIAN_POINT('Ctrl Pts',(36.7714466094067,41.2368677953938,95.5));
#4069=CARTESIAN_POINT('Ctrl Pts',(36.7714466094067,40.9696699141101,95.5));
#4070=CARTESIAN_POINT('Origin',(11.7714466094067,36.0000000000001,95.5));
#4071=CARTESIAN_POINT('Origin',(11.7714466094067,36.0000000000001,95.5));
#4072=CARTESIAN_POINT('Origin',(11.7714466094067,36.0000000000001,90.5));
#4073=CARTESIAN_POINT('Origin',(0.94151730992361,-0.611451523139905,56.892));
#4074=CARTESIAN_POINT('',(-51.1379477677014,13.0856042134149,56.892));
#4075=CARTESIAN_POINT('',(-45.7773016301529,19.6056006250877,56.892));
#4076=CARTESIAN_POINT('Origin',(-39.7723243801528,9.20467492979253,56.892));
#4077=CARTESIAN_POINT('',(-51.7812334737856,11.3190036845113,56.892));
#4078=CARTESIAN_POINT('Origin',(-95.2569506727271,28.1505702517861,56.892));
#4079=CARTESIAN_POINT('',(-47.5757869769061,12.0749999844551,56.892));
#4080=CARTESIAN_POINT('Origin',(-47.5757869769062,-1.55448365291022E-8,
56.892));
#4081=CARTESIAN_POINT('',(47.4492130230938,12.0749999844551,56.892));
#4082=CARTESIAN_POINT('',(-23.3171348334913,12.0749999844551,56.892));
#4083=CARTESIAN_POINT('',(56.4938592433015,-8.00000000000001,56.892));
#4084=CARTESIAN_POINT('Origin',(47.4492130230938,-1.55448542926706E-8,56.892));
#4085=CARTESIAN_POINT('',(32.9707586549618,-8.00000000000001,56.892));
#4086=CARTESIAN_POINT('',(62.8545510937173,8.,56.892));
#4087=CARTESIAN_POINT('',(25.16044654479,7.99999999999999,56.892));
#4088=CARTESIAN_POINT('',(58.9887848859707,18.086912203526,56.892));
#4089=CARTESIAN_POINT('Origin',(50.9051676198472,9.20467492979253,56.892));
#4090=CARTESIAN_POINT('',(53.5105631842257,23.0725758568529,56.892));
#4091=CARTESIAN_POINT('',(45.0285924308861,30.7919153790261,56.892));
#4092=CARTESIAN_POINT('',(-39.7723243801528,23.0725758568529,56.892));
#4093=CARTESIAN_POINT('',(-19.4154035351146,23.0725758568529,56.892));
#4094=CARTESIAN_POINT('',(-32.6348647151244,27.1933901157872,56.892));
#4095=CARTESIAN_POINT('Origin',(65.,-8.00000000000001,51.892));
#4096=CARTESIAN_POINT('',(56.4938592433016,-8.00000000000001,95.5));
#4097=CARTESIAN_POINT('',(56.4938592433016,-8.00000000000001,47.9874999999999));
#4098=CARTESIAN_POINT('',(29.2201871259008,-8.00000000000001,95.5));
#4099=CARTESIAN_POINT('Origin',(-95.2569506727271,28.1505702517861,229.552430995783));
#4100=CARTESIAN_POINT('',(-51.1379477677014,13.0856042134149,95.5));
#4101=CARTESIAN_POINT('',(-51.7812334737856,11.3190036845113,5.00000000000002));
#4102=CARTESIAN_POINT('Origin',(0.94151730992361,-0.611451523139905,56.892));
#4103=CARTESIAN_POINT('',(53.035848867726,-10.7049112687721,56.892));
#4104=CARTESIAN_POINT('',(44.8727863469841,-26.,56.892));
#4105=CARTESIAN_POINT('',(50.8800720686142,-14.7441792938982,56.892));
#4106=CARTESIAN_POINT('',(47.4492130230938,-12.0750000155449,56.892));
#4107=CARTESIAN_POINT('Origin',(47.4492130230938,-1.55448542926706E-8,56.892));
#4108=CARTESIAN_POINT('',(-47.5757869769062,-12.0750000155448,56.892));
#4109=CARTESIAN_POINT('',(24.1953651665087,-12.0750000155449,56.892));
#4110=CARTESIAN_POINT('',(-59.5180440233278,-1.78553120742973,56.892));
#4111=CARTESIAN_POINT('Origin',(-47.5757869769062,-1.55448365291022E-8,
56.892));
#4112=CARTESIAN_POINT('',(-60.1508059238351,-2.52512403442009,56.892));
#4113=CARTESIAN_POINT('Origin',(-95.2569506727271,28.1505702517861,56.892));
#4114=CARTESIAN_POINT('',(-61.507936575448,-16.4325552260725,56.892));
#4115=CARTESIAN_POINT('Origin',(-51.1070108801528,-10.4275779760725,56.892));
#4116=CARTESIAN_POINT('',(-55.9841697597641,-26.,56.892));
#4117=CARTESIAN_POINT('',(-54.3652408625966,-28.8040671037357,56.892));
#4118=CARTESIAN_POINT('',(29.6644821127153,-26.,56.892));
#4119=CARTESIAN_POINT('Origin',(-95.2569506727271,28.1505702517861,229.552430995783));
#4120=CARTESIAN_POINT('',(-59.5180440233278,-1.78553120742969,5.00000000000002));
#4121=CARTESIAN_POINT('',(-60.1508059238351,-2.52512403442011,229.552430995783));
#4122=CARTESIAN_POINT('Origin',(-0.0632869769061806,-1.55448454108864E-8,
10.));
#4123=CARTESIAN_POINT('',(-47.5757869769062,-12.0750000155448,10.));
#4124=CARTESIAN_POINT('',(-47.5757869769062,12.0749999844552,10.));
#4125=CARTESIAN_POINT('Origin',(-47.5757869769062,-1.55448323340092E-8,
10.));
#4126=CARTESIAN_POINT('',(47.4492130230938,-12.0750000155449,10.));
#4127=CARTESIAN_POINT('',(23.6929630230938,-12.0750000155449,10.));
#4128=CARTESIAN_POINT('',(47.4492130230938,12.0749999844552,10.));
#4129=CARTESIAN_POINT('Origin',(47.4492130230938,-1.55448500975776E-8,9.99999999999998));
#4130=CARTESIAN_POINT('',(-23.8195369769062,12.0749999844551,10.));
#4131=CARTESIAN_POINT('Origin',(-47.5757869769062,-1.55448365291022E-8,
47.9875));
#4132=CARTESIAN_POINT('',(-47.5757869769061,12.0749999844551,51.892));
#4133=CARTESIAN_POINT('',(-47.5757869769062,-12.0750000155448,5.));
#4134=CARTESIAN_POINT('Origin',(-47.5757869769061,12.0749999844551,47.9875));
#4135=CARTESIAN_POINT('',(47.4492130230938,12.0749999844551,5.));
#4136=CARTESIAN_POINT('Origin',(53.5105631842257,23.0725758568529,95.5));
#4137=CARTESIAN_POINT('',(58.9887848859707,18.086912203526,229.552430995783));
#4138=CARTESIAN_POINT('',(53.5105631842257,23.0725758568529,95.5));
#4139=CARTESIAN_POINT('Origin',(-39.7723243801528,23.0725758568529,95.5));
#4140=CARTESIAN_POINT('',(-39.7723243801528,23.0725758568529,95.5));
#4141=CARTESIAN_POINT('Origin',(-45.7773016301529,19.6056006250877,95.5));
#4142=CARTESIAN_POINT('',(-45.7773016301529,19.6056006250877,229.552430995783));
#4143=CARTESIAN_POINT('Origin',(-55.9841697597641,-26.,95.5));
#4144=CARTESIAN_POINT('',(-61.507936575448,-16.4325552260725,229.552430995783));
#4145=CARTESIAN_POINT('',(-55.9841697597641,-26.,95.5));
#4146=CARTESIAN_POINT('Origin',(-39.7723243801528,9.20467492979251,229.552430995783));
#4147=CARTESIAN_POINT('Origin',(50.9051676198472,9.20467492979251,229.552430995783));
#4148=CARTESIAN_POINT('',(62.8545510937173,7.99999999999997,229.552430995783));
#4149=CARTESIAN_POINT('Origin',(0.,-8.88178419700125E-15,95.5));
#4150=CARTESIAN_POINT('',(53.035848867726,-10.7049112687721,95.5));
#4151=CARTESIAN_POINT('',(44.8727863469841,-26.,95.5));
#4152=CARTESIAN_POINT('',(47.9453408976187,-20.2429701641899,95.5));
#4153=CARTESIAN_POINT('',(32.5,-26.,95.5));
#4154=CARTESIAN_POINT('Origin',(47.4492130230938,-1.55448542926706E-8,95.5));
#4155=CARTESIAN_POINT('Origin',(65.,-26.,95.5));
#4156=CARTESIAN_POINT('',(44.8727863469841,-26.,95.5));
#4157=CARTESIAN_POINT('',(-65.,-26.,5.));
#4158=CARTESIAN_POINT('',(-65.,-26.,95.5));
#4159=CARTESIAN_POINT('',(-38.8752777791496,-26.,5.));
#4160=CARTESIAN_POINT('',(-1.,-26.,5.));
#4161=CARTESIAN_POINT('',(-38.8752777791496,-26.,6.61309271539571E-15));
#4162=CARTESIAN_POINT('',(38.8752777791495,-26.,5.));
#4163=CARTESIAN_POINT('',(38.8752777791495,-26.,6.61309271539571E-15));
#4164=CARTESIAN_POINT('',(66.,-26.,5.));
#4165=CARTESIAN_POINT('Origin',(38.8752777791495,-81.,-1.22464679914735E-16));
#4166=CARTESIAN_POINT('',(64.6562731482625,-32.4166666666667,5.));
#4167=CARTESIAN_POINT('Origin',(38.8752777791495,-81.,5.));
#4168=CARTESIAN_POINT('',(64.6562731482625,-32.4166666666667,-1.22464679914735E-16));
#4169=CARTESIAN_POINT('Origin',(-38.8752777791496,-81.,-1.22464679914735E-16));
#4170=CARTESIAN_POINT('',(-64.6562731482625,-32.4166666666667,5.));
#4171=CARTESIAN_POINT('Origin',(-38.8752777791496,-81.,5.));
#4172=CARTESIAN_POINT('',(-64.6562731482625,-32.4166666666667,-1.22464679914735E-16));
#4173=CARTESIAN_POINT('Origin',(-67.,-28.,-1.22464679914735E-16));
#4174=CARTESIAN_POINT('',(-71.4166666666667,-25.6562731482625,5.));
#4175=CARTESIAN_POINT('Origin',(-67.,-28.,5.));
#4176=CARTESIAN_POINT('',(-71.4166666666667,-25.6562731482625,-1.22464679914735E-16));
#4177=CARTESIAN_POINT('Origin',(120.,0.124722220850448,-1.22464679914735E-16));
#4178=CARTESIAN_POINT('',(71.4166666666667,-25.6562731482625,5.));
#4179=CARTESIAN_POINT('Origin',(120.,0.124722220850448,5.));
#4180=CARTESIAN_POINT('',(71.4166666666667,-25.6562731482625,-1.22464679914735E-16));
#4181=CARTESIAN_POINT('Origin',(67.,-28.,-1.22464679914735E-16));
#4182=CARTESIAN_POINT('Origin',(67.,-28.,5.));
#4183=CARTESIAN_POINT('Origin',(-120.,0.124722220850488,-1.22464679914735E-16));
#4184=CARTESIAN_POINT('',(-65.,0.124722220850488,5.));
#4185=CARTESIAN_POINT('Origin',(-120.,0.124722220850488,5.));
#4186=CARTESIAN_POINT('',(-65.,0.124722220850488,-1.22464679914735E-16));
#4187=CARTESIAN_POINT('Origin',(-65.,-26.,95.5));
#4188=CARTESIAN_POINT('',(-65.,-27.,5.));
#4189=CARTESIAN_POINT('',(-65.,56.,90.5));
#4190=CARTESIAN_POINT('',(-65.,56.,95.5));
#4191=CARTESIAN_POINT('',(-65.,15.,90.5));
#4192=CARTESIAN_POINT('Origin',(-67.,-28.,5.));
#4193=CARTESIAN_POINT('',(-68.75,-28.,5.));
#4194=CARTESIAN_POINT('Origin',(-67.,-28.,5.));
#4195=CARTESIAN_POINT('Origin',(-67.,-28.,-1.22464679914735E-16));
#4196=CARTESIAN_POINT('',(-68.75,-28.,-1.22464679914735E-16));
#4197=CARTESIAN_POINT('Origin',(67.,-28.,-1.22464679914735E-16));
#4198=CARTESIAN_POINT('',(65.25,-28.,5.));
#4199=CARTESIAN_POINT('Origin',(67.,-28.,5.));
#4200=CARTESIAN_POINT('',(65.25,-28.,-1.22464679914735E-16));
#4201=CARTESIAN_POINT('Origin',(67.,-28.,5.));
#4202=CARTESIAN_POINT('Origin',(2.09375,41.8535533905933,95.25));
#4203=CARTESIAN_POINT('Origin',(42.3446699141101,41.8535533905933,95.25));
#4204=CARTESIAN_POINT('Origin',(37.6553300858899,41.8535533905933,95.25));
#4205=CARTESIAN_POINT('Ctrl Pts',(37.6553300858899,41.8535533905933,95.5));
#4206=CARTESIAN_POINT('Ctrl Pts',(37.3881322046062,41.8535533905933,95.5));
#4207=CARTESIAN_POINT('Ctrl Pts',(36.9369233895993,41.6880766104007,95.5));
#4208=CARTESIAN_POINT('Ctrl Pts',(36.7714466094067,41.2368677953938,95.5));
#4209=CARTESIAN_POINT('Ctrl Pts',(36.7714466094067,40.9696699141101,95.5));
#4210=CARTESIAN_POINT('Ctrl Pts',(37.6553300858899,41.7881035436435,95.5));
#4211=CARTESIAN_POINT('Ctrl Pts',(37.4013409098746,41.79655863691,95.4998680930153));
#4212=CARTESIAN_POINT('Ctrl Pts',(36.9743115100917,41.6506884899083,95.4998401871794));
#4213=CARTESIAN_POINT('Ctrl Pts',(36.82844136309,41.2236590901254,95.4998680930153));
#4214=CARTESIAN_POINT('Ctrl Pts',(36.8368964563565,40.9696699141101,95.5));
#4215=CARTESIAN_POINT('Ctrl Pts',(37.6553300858899,41.7230567259025,95.4730567259025));
#4216=CARTESIAN_POINT('Ctrl Pts',(37.4144564952085,41.7396734548088,95.480146945096));
#4217=CARTESIAN_POINT('Ctrl Pts',(37.0116611800209,41.6133388199791,95.4870562393915));
#4218=CARTESIAN_POINT('Ctrl Pts',(36.8853265451913,41.2105435047915,95.480146945096));
#4219=CARTESIAN_POINT('Ctrl Pts',(36.9019432740975,40.9696699141101,95.4730567259025));
#4220=CARTESIAN_POINT('Ctrl Pts',(37.6553300858899,41.6767766952967,95.4267766952967));
#4221=CARTESIAN_POINT('Ctrl Pts',(37.4237585887773,41.6945898873823,95.4445898873822));
#4222=CARTESIAN_POINT('Ctrl Pts',(37.0437427344509,41.5812572655491,95.4636386897032));
#4223=CARTESIAN_POINT('Ctrl Pts',(36.9304101126178,41.2012414112227,95.4445898873822));
#4224=CARTESIAN_POINT('Ctrl Pts',(36.9482233047034,40.9696699141101,95.4267766952967));
#4225=CARTESIAN_POINT('',(36.9482233047034,40.9696699141101,95.4267766952967));
#4226=CARTESIAN_POINT('Origin',(36.7714466094067,40.9696699141101,95.25));
#4227=CARTESIAN_POINT('Origin',(38.5392135623731,40.0857864376269,95.25));
#4228=CARTESIAN_POINT('Origin',(36.7714466094067,7.9375,95.25));
#4229=CARTESIAN_POINT('',(36.9482233047034,31.03033008589,95.4267766952967));
#4230=CARTESIAN_POINT('Origin',(36.7714466094067,31.03033008589,95.25));
#4231=CARTESIAN_POINT('',(36.9482233047034,7.9375,95.4267766952966));
#4232=CARTESIAN_POINT('Ctrl Pts',(36.7714466094067,31.03033008589,95.5));
#4233=CARTESIAN_POINT('Ctrl Pts',(36.7714466094067,30.7631322046062,95.5));
#4234=CARTESIAN_POINT('Ctrl Pts',(36.9369203229707,30.3119203229708,95.5));
#4235=CARTESIAN_POINT('Ctrl Pts',(37.3881322046062,30.1464466094068,95.5));
#4236=CARTESIAN_POINT('Ctrl Pts',(37.6553300858899,30.1464466094068,95.5));
#4237=CARTESIAN_POINT('Ctrl Pts',(36.8368964563565,31.03033008589,95.5));
#4238=CARTESIAN_POINT('Ctrl Pts',(36.82844136309,30.7763409098746,95.4998680930153));
#4239=CARTESIAN_POINT('Ctrl Pts',(36.9743087683838,30.3493087683838,95.4998424551994));
#4240=CARTESIAN_POINT('Ctrl Pts',(37.4013409098746,30.2034413630901,95.4998680930153));
#4241=CARTESIAN_POINT('Ctrl Pts',(37.6553300858899,30.2118964563566,95.5));
#4242=CARTESIAN_POINT('Ctrl Pts',(36.9019432740976,31.03033008589,95.4730567259024));
#4243=CARTESIAN_POINT('Ctrl Pts',(36.8853265451913,30.7894564952086,95.480146945096));
#4244=CARTESIAN_POINT('Ctrl Pts',(37.011658524288,30.386658524288,95.4870582785309));
#4245=CARTESIAN_POINT('Ctrl Pts',(37.4144564952086,30.2603265451913,95.480146945096));
#4246=CARTESIAN_POINT('Ctrl Pts',(37.6553300858899,30.2769432740976,95.4730567259025));
#4247=CARTESIAN_POINT('Ctrl Pts',(36.9482233047034,31.03033008589,95.4267766952966));
#4248=CARTESIAN_POINT('Ctrl Pts',(36.9304101126178,30.7987585887774,95.4445898873822));
#4249=CARTESIAN_POINT('Ctrl Pts',(37.0437398722642,30.4187398722643,95.463639098587));
#4250=CARTESIAN_POINT('Ctrl Pts',(37.4237585887773,30.3054101126178,95.4445898873822));
#4251=CARTESIAN_POINT('Ctrl Pts',(37.6553300858899,30.3232233047034,95.4267766952967));
#4252=CARTESIAN_POINT('',(37.6553300858899,30.3232233047034,95.4267766952967));
#4253=CARTESIAN_POINT('Origin',(37.6553300858899,30.1464466094068,95.25));
#4254=CARTESIAN_POINT('Origin',(38.5392135623731,31.9142135623731,95.25));
#4255=CARTESIAN_POINT('Origin',(2.90625,30.1464466094068,95.25));
#4256=CARTESIAN_POINT('Origin',(42.3446699141101,30.1464466094068,95.25));
#4257=CARTESIAN_POINT('',(2.90625,30.3232233047034,95.4267766952967));
#4258=CARTESIAN_POINT('Ctrl Pts',(42.3446699141101,30.1464466094068,95.5));
#4259=CARTESIAN_POINT('Ctrl Pts',(42.6118677953938,30.1464466094068,95.5));
#4260=CARTESIAN_POINT('Ctrl Pts',(43.063077951015,30.3119220489851,95.5));
#4261=CARTESIAN_POINT('Ctrl Pts',(43.2285533905933,30.7631322046062,95.5));
#4262=CARTESIAN_POINT('Ctrl Pts',(43.2285533905933,31.03033008589,95.5));
#4263=CARTESIAN_POINT('Ctrl Pts',(42.3446699141101,30.2118964563566,95.5));
#4264=CARTESIAN_POINT('Ctrl Pts',(42.5986590901254,30.2034413630901,95.4998680930153));
#4265=CARTESIAN_POINT('Ctrl Pts',(43.0256896884795,30.3493103115205,95.4998411786722));
#4266=CARTESIAN_POINT('Ctrl Pts',(43.17155863691,30.7763409098746,95.4998680930153));
#4267=CARTESIAN_POINT('Ctrl Pts',(43.1631035436435,31.03033008589,95.5));
#4268=CARTESIAN_POINT('Ctrl Pts',(42.3446699141101,30.2769432740976,95.4730567259025));
#4269=CARTESIAN_POINT('Ctrl Pts',(42.5855435047914,30.2603265451913,95.480146945096));
#4270=CARTESIAN_POINT('Ctrl Pts',(42.9883399809653,30.3866600190347,95.4870571308263));
#4271=CARTESIAN_POINT('Ctrl Pts',(43.1146734548087,30.7894564952086,95.480146945096));
#4272=CARTESIAN_POINT('Ctrl Pts',(43.0980567259024,31.03033008589,95.4730567259024));
#4273=CARTESIAN_POINT('Ctrl Pts',(42.3446699141101,30.3232233047034,95.4267766952967));
#4274=CARTESIAN_POINT('Ctrl Pts',(42.5762414112226,30.3054101126178,95.4445898873822));
#4275=CARTESIAN_POINT('Ctrl Pts',(42.9562585167891,30.4187414832109,95.4636388684517));
#4276=CARTESIAN_POINT('Ctrl Pts',(43.0695898873822,30.7987585887774,95.4445898873822));
#4277=CARTESIAN_POINT('Ctrl Pts',(43.0517766952966,31.03033008589,95.4267766952966));
#4278=CARTESIAN_POINT('Origin',(43.2285533905933,31.03033008589,95.25));
#4279=CARTESIAN_POINT('Origin',(43.2285533905933,10.0625,95.25));
#4280=CARTESIAN_POINT('Origin',(43.2285533905933,40.9696699141101,95.25));
#4281=CARTESIAN_POINT('Ctrl Pts',(43.2285533905933,40.9696699141101,95.5));
#4282=CARTESIAN_POINT('Ctrl Pts',(43.2285533905933,41.2368677953938,95.5));
#4283=CARTESIAN_POINT('Ctrl Pts',(43.0630753761281,41.6880753761281,95.5));
#4284=CARTESIAN_POINT('Ctrl Pts',(42.6118677953938,41.8535533905933,95.5));
#4285=CARTESIAN_POINT('Ctrl Pts',(42.3446699141101,41.8535533905933,95.5));
#4286=CARTESIAN_POINT('Ctrl Pts',(43.1631035436435,40.9696699141101,95.5));
#4287=CARTESIAN_POINT('Ctrl Pts',(43.1715586369099,41.2236590901254,95.4998680930153));
#4288=CARTESIAN_POINT('Ctrl Pts',(43.0256873864114,41.6506873864114,95.4998392743349));
#4289=CARTESIAN_POINT('Ctrl Pts',(42.5986590901254,41.79655863691,95.4998680930153));
#4290=CARTESIAN_POINT('Ctrl Pts',(42.3446699141101,41.7881035436435,95.5));
#4291=CARTESIAN_POINT('Ctrl Pts',(43.0980567259024,40.9696699141101,95.4730567259025));
#4292=CARTESIAN_POINT('Ctrl Pts',(43.1146734548087,41.2105435047915,95.480146945096));
#4293=CARTESIAN_POINT('Ctrl Pts',(42.9883377510859,41.613337751086,95.487055418668));
#4294=CARTESIAN_POINT('Ctrl Pts',(42.5855435047914,41.7396734548087,95.480146945096));
#4295=CARTESIAN_POINT('Ctrl Pts',(42.3446699141101,41.7230567259025,95.4730567259024));
#4296=CARTESIAN_POINT('Ctrl Pts',(43.0517766952966,40.9696699141101,95.4267766952966));
#4297=CARTESIAN_POINT('Ctrl Pts',(43.0695898873822,41.2012414112227,95.4445898873822));
#4298=CARTESIAN_POINT('Ctrl Pts',(42.9562561135613,41.5812561135614,95.4636385251335));
#4299=CARTESIAN_POINT('Ctrl Pts',(42.5762414112226,41.6945898873822,95.4445898873822));
#4300=CARTESIAN_POINT('Ctrl Pts',(42.3446699141101,41.6767766952967,95.4267766952966));
#4301=CARTESIAN_POINT('Origin',(40.625,39.25,91.5));
#4302=CARTESIAN_POINT('',(40.625,41.25,90.5));
#4303=CARTESIAN_POINT('Origin',(40.625,41.25,91.5));
#4304=CARTESIAN_POINT('Origin',(40.625,39.25,90.5));
#4305=CARTESIAN_POINT('Origin',(42.625,40.625,91.5));
#4306=CARTESIAN_POINT('',(42.625,40.625,90.5));
#4307=CARTESIAN_POINT('Origin',(14.1875,41.25,91.5));
#4308=CARTESIAN_POINT('',(14.1875,41.25,90.5));
#4309=CARTESIAN_POINT('Origin',(31.940154520791,25.3151545207911,101.849059041582));
#4310=CARTESIAN_POINT('',(31.2330477396045,25.3151545207911,101.141952260396));
#4311=CARTESIAN_POINT('',(31.940154520791,24.6080477396045,101.141952260396));
#4312=CARTESIAN_POINT('Origin',(38.377654520791,40.247345479209,95.4115590415821));
#4313=CARTESIAN_POINT('',(37.6705477396045,40.247345479209,94.7044522603955));
#4314=CARTESIAN_POINT('Origin',(15.8125,31.,94.75));
#4315=CARTESIAN_POINT('Origin',(37.625,15.875,94.75));
#4316=CARTESIAN_POINT('Origin',(0.,41.,90.5));
#4317=CARTESIAN_POINT('',(-65.,56.,90.5));
#4318=CARTESIAN_POINT('',(-61.75,29.,90.5));
#4319=CARTESIAN_POINT('Origin',(-60.,29.,90.5));
#4320=CARTESIAN_POINT('',(58.25,29.,90.5));
#4321=CARTESIAN_POINT('Origin',(60.,29.,90.5));
#4322=CARTESIAN_POINT('',(-61.75,51.,90.5));
#4323=CARTESIAN_POINT('Origin',(-60.,51.,90.5));
#4324=CARTESIAN_POINT('',(58.25,51.,90.5));
#4325=CARTESIAN_POINT('Origin',(60.,51.,90.5));
#4326=CARTESIAN_POINT('Origin',(60.,51.,90.5));
#4327=CARTESIAN_POINT('',(58.25,51.,90.5));
#4328=CARTESIAN_POINT('Origin',(-60.,51.,90.5));
#4329=CARTESIAN_POINT('',(-61.75,51.,90.5));
#4330=CARTESIAN_POINT('Origin',(60.,29.,90.5));
#4331=CARTESIAN_POINT('',(58.25,29.,90.5));
#4332=CARTESIAN_POINT('Origin',(-60.,29.,90.5));
#4333=CARTESIAN_POINT('',(-61.75,29.,90.5));
#4334=CARTESIAN_POINT('Origin',(-65.,56.,95.5));
#4335=CARTESIAN_POINT('Origin',(49.3793757796564,7.99999999999999,95.5));
#4336=CARTESIAN_POINT('Origin',(56.0805874881167,-5.00000000000001,95.5));
#4337=CARTESIAN_POINT('',(53.035848867726,-10.7049112687721,47.9875));
#4338=CARTESIAN_POINT('Origin',(56.025670640564,-8.50000000000001,51.892));
#4339=CARTESIAN_POINT('Ctrl Pts',(65.,-8.5,55.0083614357495));
#4340=CARTESIAN_POINT('Ctrl Pts',(64.9868849796429,-8.5,55.0217532186939));
#4341=CARTESIAN_POINT('Ctrl Pts',(64.9751004382837,-8.50000000000001,55.0371369366788));
#4342=CARTESIAN_POINT('Ctrl Pts',(64.959022451546,-8.50000000000001,55.0681625321697));
#4343=CARTESIAN_POINT('Ctrl Pts',(64.9533292492663,-8.50000000000001,55.0885637902209));
#4344=CARTESIAN_POINT('Ctrl Pts',(64.9533339031516,-8.50000000000001,55.1238614822423));
#4345=CARTESIAN_POINT('Ctrl Pts',(64.9590304777523,-8.50000000000001,55.1442573804786));
#4346=CARTESIAN_POINT('Ctrl Pts',(64.9751098061835,-8.50000000000001,55.1752662349922));
#4347=CARTESIAN_POINT('Ctrl Pts',(64.986890053871,-8.5,55.1906375863057));
#4348=CARTESIAN_POINT('Ctrl Pts',(65.,-8.5,55.2040183588832));
#4349=CARTESIAN_POINT('Origin',(47.4492130230938,-1.55448542926706E-8,47.9875));
#4350=CARTESIAN_POINT('',(47.4492130230938,-12.0750000155449,51.892));
#4351=CARTESIAN_POINT('Origin',(65.8999422632063,6.77141475766969,55.1640025761952));
#4352=CARTESIAN_POINT('Origin',(47.4492130230938,-12.0750000155449,47.9875));
#4353=CARTESIAN_POINT('Origin',(-51.1070108801528,-10.4275779760725,229.552430995783));
#4354=CARTESIAN_POINT('Origin',(-50.7,56.,10.));
#4355=CARTESIAN_POINT('',(-48.2,46.,10.));
#4356=CARTESIAN_POINT('Origin',(-50.7,46.,10.));
#4357=CARTESIAN_POINT('',(-48.2,56.,10.));
#4358=CARTESIAN_POINT('',(-48.2,56.,10.));
#4359=CARTESIAN_POINT('Origin',(-50.7,56.,10.));
#4360=CARTESIAN_POINT('Origin',(-67.,58.,5.00000000000002));
#4361=CARTESIAN_POINT('',(-38.8752777791495,56.,5.00000000000002));
#4362=CARTESIAN_POINT('',(-65.,56.,5.00000000000002));
#4363=CARTESIAN_POINT('',(-66.,56.,5.00000000000002));
#4364=CARTESIAN_POINT('',(-64.6562731482625,62.4166666666667,5.00000000000002));
#4365=CARTESIAN_POINT('Origin',(-38.8752777791495,111.,5.00000000000002));
#4366=CARTESIAN_POINT('',(-71.4166666666667,55.6562731482625,5.00000000000002));
#4367=CARTESIAN_POINT('Origin',(-67.,58.,5.00000000000002));
#4368=CARTESIAN_POINT('',(-65.,29.8752777791495,5.00000000000002));
#4369=CARTESIAN_POINT('Origin',(-120.,29.8752777791495,5.00000000000002));
#4370=CARTESIAN_POINT('',(-65.,41.,5.00000000000002));
#4371=CARTESIAN_POINT('',(-68.75,58.,5.00000000000002));
#4372=CARTESIAN_POINT('Origin',(-67.,58.,5.00000000000002));
#4373=CARTESIAN_POINT('Origin',(-33.8,56.,10.));
#4374=CARTESIAN_POINT('',(-31.3,46.,10.));
#4375=CARTESIAN_POINT('Origin',(-33.8,46.,10.));
#4376=CARTESIAN_POINT('',(-31.3,56.,10.));
#4377=CARTESIAN_POINT('',(-31.3,56.,10.));
#4378=CARTESIAN_POINT('Origin',(-33.8,56.,10.));
#4379=CARTESIAN_POINT('Origin',(-67.,58.,5.00000000000002));
#4380=CARTESIAN_POINT('',(-55.,46.,5.00000000000002));
#4381=CARTESIAN_POINT('',(-21.15,46.,5.00000000000002));
#4382=CARTESIAN_POINT('',(27.5,46.,5.00000000000002));
#4383=CARTESIAN_POINT('',(-55.,24.,5.00000000000002));
#4384=CARTESIAN_POINT('',(-55.,40.5,5.00000000000002));
#4385=CARTESIAN_POINT('',(55.,24.,5.00000000000002));
#4386=CARTESIAN_POINT('',(-55.,24.,5.00000000000002));
#4387=CARTESIAN_POINT('',(55.,46.,5.00000000000002));
#4388=CARTESIAN_POINT('',(55.,29.5,5.00000000000002));
#4389=CARTESIAN_POINT('',(21.15,46.,5.00000000000002));
#4390=CARTESIAN_POINT('',(27.5,46.,5.00000000000002));
#4391=CARTESIAN_POINT('',(21.15,56.,5.00000000000002));
#4392=CARTESIAN_POINT('',(21.15,56.,5.00000000000002));
#4393=CARTESIAN_POINT('',(-21.15,56.,5.00000000000002));
#4394=CARTESIAN_POINT('',(-34.625,56.,5.00000000000002));
#4395=CARTESIAN_POINT('',(-21.15,56.,5.00000000000002));
#4396=CARTESIAN_POINT('Origin',(-65.,56.,90.5));
#4397=CARTESIAN_POINT('',(-65.,56.,90.5));
#4398=CARTESIAN_POINT('',(-65.,56.,90.5));
#4399=CARTESIAN_POINT('',(65.,56.,90.5));
#4400=CARTESIAN_POINT('',(-65.,56.,90.5));
#4401=CARTESIAN_POINT('',(65.,56.,5.00000000000002));
#4402=CARTESIAN_POINT('',(65.,56.,90.5));
#4403=CARTESIAN_POINT('',(38.8752777791495,56.,5.00000000000002));
#4404=CARTESIAN_POINT('',(1.,56.,5.00000000000002));
#4405=CARTESIAN_POINT('',(38.8752777791495,56.,1.77635683940025E-14));
#4406=CARTESIAN_POINT('',(38.8752777791495,56.,1.77635683940025E-14));
#4407=CARTESIAN_POINT('',(-38.8752777791495,56.,1.77635683940025E-14));
#4408=CARTESIAN_POINT('',(-65.,56.,1.77635683940025E-14));
#4409=CARTESIAN_POINT('',(-38.8752777791495,56.,1.77635683940025E-14));
#4410=CARTESIAN_POINT('',(21.15,56.,15.));
#4411=CARTESIAN_POINT('',(-21.15,56.,15.));
#4412=CARTESIAN_POINT('',(-38.825,56.,15.));
#4413=CARTESIAN_POINT('',(-21.15,56.,52.75));
#4414=CARTESIAN_POINT('',(21.15,56.,47.75));
#4415=CARTESIAN_POINT('Origin',(55.,46.,90.5));
#4416=CARTESIAN_POINT('',(-21.15,46.,15.));
#4417=CARTESIAN_POINT('',(-21.15,46.,52.75));
#4418=CARTESIAN_POINT('',(21.15,46.,15.));
#4419=CARTESIAN_POINT('',(21.175,46.,15.));
#4420=CARTESIAN_POINT('',(21.15,46.,47.75));
#4421=CARTESIAN_POINT('',(55.,46.,90.5));
#4422=CARTESIAN_POINT('',(55.,46.,90.5));
#4423=CARTESIAN_POINT('',(-55.,46.,90.5));
#4424=CARTESIAN_POINT('',(65.,46.,90.5));
#4425=CARTESIAN_POINT('',(-55.,46.,90.5));
#4426=CARTESIAN_POINT('Origin',(-67.,58.,5.00000000000002));
#4427=CARTESIAN_POINT('',(65.,29.8752777791496,5.00000000000002));
#4428=CARTESIAN_POINT('',(65.,57.,5.00000000000002));
#4429=CARTESIAN_POINT('',(71.4166666666667,55.6562731482625,5.00000000000002));
#4430=CARTESIAN_POINT('Origin',(120.,29.8752777791496,5.00000000000002));
#4431=CARTESIAN_POINT('',(64.6562731482625,62.4166666666667,5.00000000000002));
#4432=CARTESIAN_POINT('Origin',(67.,58.,5.00000000000002));
#4433=CARTESIAN_POINT('Origin',(38.8752777791495,111.,5.00000000000002));
#4434=CARTESIAN_POINT('',(65.25,58.,5.00000000000002));
#4435=CARTESIAN_POINT('Origin',(67.,58.,5.00000000000002));
#4436=CARTESIAN_POINT('Origin',(120.,29.8752777791496,1.77635683940025E-14));
#4437=CARTESIAN_POINT('',(65.,29.8752777791496,1.77635683940025E-14));
#4438=CARTESIAN_POINT('',(65.,29.8752777791496,1.77635683940025E-14));
#4439=CARTESIAN_POINT('',(71.4166666666667,55.6562731482625,1.77635683940025E-14));
#4440=CARTESIAN_POINT('Origin',(120.,29.8752777791496,1.77635683940025E-14));
#4441=CARTESIAN_POINT('',(71.4166666666667,55.6562731482625,1.77635683940025E-14));
#4442=CARTESIAN_POINT('Origin',(65.,56.,90.5));
#4443=CARTESIAN_POINT('',(65.,24.,90.5));
#4444=CARTESIAN_POINT('',(65.,56.,90.5));
#4445=CARTESIAN_POINT('',(65.,24.,1.77635683940025E-14));
#4446=CARTESIAN_POINT('',(65.,24.,90.5));
#4447=CARTESIAN_POINT('',(65.,56.,1.77635683940025E-14));
#4448=CARTESIAN_POINT('',(65.,32.8127828083501,82.5));
#4449=CARTESIAN_POINT('',(65.,25.1872171916499,82.5));
#4450=CARTESIAN_POINT('',(65.,42.4892120879788,82.5));
#4451=CARTESIAN_POINT('',(65.,25.1872171916499,87.5));
#4452=CARTESIAN_POINT('',(65.,25.1872171916499,87.5));
#4453=CARTESIAN_POINT('',(65.,32.8127828083501,87.5));
#4454=CARTESIAN_POINT('',(65.,42.4892120879788,87.5));
#4455=CARTESIAN_POINT('',(65.,32.8127828083501,87.5));
#4456=CARTESIAN_POINT('',(65.,54.8127828083501,82.5));
#4457=CARTESIAN_POINT('',(65.,47.1872171916499,82.5));
#4458=CARTESIAN_POINT('',(65.,53.4892120879788,82.5));
#4459=CARTESIAN_POINT('',(65.,47.1872171916499,87.5));
#4460=CARTESIAN_POINT('',(65.,47.1872171916499,87.5));
#4461=CARTESIAN_POINT('',(65.,54.8127828083501,87.5));
#4462=CARTESIAN_POINT('',(65.,53.4892120879788,87.5));
#4463=CARTESIAN_POINT('',(65.,54.8127828083501,87.5));
#4464=CARTESIAN_POINT('Origin',(-38.8752777791495,111.,1.77635683940025E-14));
#4465=CARTESIAN_POINT('',(-64.6562731482625,62.4166666666667,1.77635683940025E-14));
#4466=CARTESIAN_POINT('Origin',(-38.8752777791495,111.,1.77635683940025E-14));
#4467=CARTESIAN_POINT('',(-64.6562731482625,62.4166666666667,1.77635683940025E-14));
#4468=CARTESIAN_POINT('Origin',(-67.,58.,1.77635683940025E-14));
#4469=CARTESIAN_POINT('',(-71.4166666666667,55.6562731482625,1.77635683940025E-14));
#4470=CARTESIAN_POINT('Origin',(-67.,58.,1.77635683940025E-14));
#4471=CARTESIAN_POINT('',(-71.4166666666667,55.6562731482625,1.77635683940025E-14));
#4472=CARTESIAN_POINT('Origin',(38.8752777791495,111.,1.77635683940025E-14));
#4473=CARTESIAN_POINT('',(64.6562731482625,62.4166666666667,1.77635683940025E-14));
#4474=CARTESIAN_POINT('',(64.6562731482625,62.4166666666667,1.77635683940025E-14));
#4475=CARTESIAN_POINT('Origin',(38.8752777791495,111.,1.77635683940025E-14));
#4476=CARTESIAN_POINT('Origin',(67.,58.,1.77635683940025E-14));
#4477=CARTESIAN_POINT('Origin',(67.,58.,1.77635683940025E-14));
#4478=CARTESIAN_POINT('Origin',(-120.,29.8752777791495,1.77635683940025E-14));
#4479=CARTESIAN_POINT('',(-65.,29.8752777791495,1.77635683940025E-14));
#4480=CARTESIAN_POINT('Origin',(-120.,29.8752777791495,1.77635683940025E-14));
#4481=CARTESIAN_POINT('',(-65.,29.8752777791495,1.77635683940025E-14));
#4482=CARTESIAN_POINT('Origin',(-67.,58.,1.77635683940025E-14));
#4483=CARTESIAN_POINT('',(-68.75,58.,1.77635683940025E-14));
#4484=CARTESIAN_POINT('',(-68.75,58.,1.77635683940025E-14));
#4485=CARTESIAN_POINT('Origin',(-67.,58.,1.77635683940025E-14));
#4486=CARTESIAN_POINT('Origin',(-65.,24.,90.5));
#4487=CARTESIAN_POINT('',(-65.,24.,1.77635683940025E-14));
#4488=CARTESIAN_POINT('',(-65.,46.,1.77635683940025E-14));
#4489=CARTESIAN_POINT('',(-65.,24.,90.5));
#4490=CARTESIAN_POINT('',(-65.,24.,90.5));
#4491=CARTESIAN_POINT('',(-65.,46.,90.5));
#4492=CARTESIAN_POINT('',(-65.,54.8127828083501,87.5));
#4493=CARTESIAN_POINT('',(-65.,47.1872171916499,87.5));
#4494=CARTESIAN_POINT('',(-65.,37.5107879120213,87.5));
#4495=CARTESIAN_POINT('',(-65.,47.1872171916499,82.5));
#4496=CARTESIAN_POINT('',(-65.,47.1872171916499,87.5));
#4497=CARTESIAN_POINT('',(-65.,54.8127828083501,82.5));
#4498=CARTESIAN_POINT('',(-65.,37.5107879120213,82.5));
#4499=CARTESIAN_POINT('',(-65.,54.8127828083501,87.5));
#4500=CARTESIAN_POINT('',(-65.,25.1872171916499,82.5));
#4501=CARTESIAN_POINT('',(-65.,32.8127828083501,82.5));
#4502=CARTESIAN_POINT('',(-65.,26.5107879120213,82.5));
#4503=CARTESIAN_POINT('',(-65.,32.8127828083501,87.5));
#4504=CARTESIAN_POINT('',(-65.,32.8127828083501,87.5));
#4505=CARTESIAN_POINT('',(-65.,25.1872171916499,87.5));
#4506=CARTESIAN_POINT('',(-65.,26.5107879120213,87.5));
#4507=CARTESIAN_POINT('',(-65.,25.1872171916499,87.5));
#4508=CARTESIAN_POINT('Origin',(67.,58.,1.77635683940025E-14));
#4509=CARTESIAN_POINT('',(65.25,58.,1.77635683940025E-14));
#4510=CARTESIAN_POINT('',(65.25,58.,1.77635683940025E-14));
#4511=CARTESIAN_POINT('Origin',(67.,58.,1.77635683940025E-14));
#4512=CARTESIAN_POINT('Origin',(69.4968872944776,33.7686257098819,84.5));
#4513=CARTESIAN_POINT('',(60.,31.75,87.5));
#4514=CARTESIAN_POINT('',(60.,31.75,87.5));
#4515=CARTESIAN_POINT('',(60.,31.75,82.5));
#4516=CARTESIAN_POINT('',(60.,31.75,84.5));
#4517=CARTESIAN_POINT('',(60.,31.75,82.5));
#4518=CARTESIAN_POINT('Origin',(63.2622366783944,28.9784241759575,87.5));
#4519=CARTESIAN_POINT('',(60.,26.25,87.5));
#4520=CARTESIAN_POINT('',(60.,26.25,87.5));
#4521=CARTESIAN_POINT('',(58.4122867597285,26.25,87.5));
#4522=CARTESIAN_POINT('',(58.4122867597285,26.25,87.5));
#4523=CARTESIAN_POINT('',(56.824573519457,29.,87.5));
#4524=CARTESIAN_POINT('',(56.824573519457,29.,87.5));
#4525=CARTESIAN_POINT('',(58.4122867597285,31.75,87.5));
#4526=CARTESIAN_POINT('',(58.4122867597285,31.75,87.5));
#4527=CARTESIAN_POINT('',(61.5877132402714,31.75,87.5));
#4528=CARTESIAN_POINT('',(61.75,29.,87.5));
#4529=CARTESIAN_POINT('Origin',(60.,29.,87.5));
#4530=CARTESIAN_POINT('Origin',(63.2622366783944,28.9784241759575,82.5));
#4531=CARTESIAN_POINT('',(58.4122867597285,31.75,82.5));
#4532=CARTESIAN_POINT('',(61.5877132402714,31.75,82.5));
#4533=CARTESIAN_POINT('',(56.824573519457,29.,82.5));
#4534=CARTESIAN_POINT('',(58.4122867597285,31.75,82.5));
#4535=CARTESIAN_POINT('',(58.4122867597285,26.25,82.5));
#4536=CARTESIAN_POINT('',(56.824573519457,29.,82.5));
#4537=CARTESIAN_POINT('',(60.,26.25,82.5));
#4538=CARTESIAN_POINT('',(58.4122867597285,26.25,82.5));
#4539=CARTESIAN_POINT('',(60.,26.25,82.5));
#4540=CARTESIAN_POINT('Origin',(60.,26.25,84.5));
#4541=CARTESIAN_POINT('',(60.,26.25,84.5));
#4542=CARTESIAN_POINT('Origin',(58.4122867597285,26.25,84.5));
#4543=CARTESIAN_POINT('',(58.4122867597285,26.25,84.5));
#4544=CARTESIAN_POINT('Origin',(56.824573519457,29.,84.5));
#4545=CARTESIAN_POINT('',(56.824573519457,29.,84.5));
#4546=CARTESIAN_POINT('Origin',(58.4122867597285,31.75,84.5));
#4547=CARTESIAN_POINT('',(58.4122867597285,31.75,84.5));
#4548=CARTESIAN_POINT('Origin',(60.,31.75,84.5));
#4549=CARTESIAN_POINT('Origin',(69.4968872944776,55.7686257098819,84.5));
#4550=CARTESIAN_POINT('',(60.,53.75,87.5));
#4551=CARTESIAN_POINT('',(60.,53.75,87.5));
#4552=CARTESIAN_POINT('',(60.,53.75,82.5));
#4553=CARTESIAN_POINT('',(60.,53.75,84.5));
#4554=CARTESIAN_POINT('',(60.,53.75,82.5));
#4555=CARTESIAN_POINT('Origin',(63.2622366783944,50.9784241759575,87.5));
#4556=CARTESIAN_POINT('',(60.,48.25,87.5));
#4557=CARTESIAN_POINT('',(60.,48.25,87.5));
#4558=CARTESIAN_POINT('',(58.4122867597285,48.25,87.5));
#4559=CARTESIAN_POINT('',(58.4122867597285,48.25,87.5));
#4560=CARTESIAN_POINT('',(56.824573519457,51.,87.5));
#4561=CARTESIAN_POINT('',(56.824573519457,51.,87.5));
#4562=CARTESIAN_POINT('',(58.4122867597285,53.75,87.5));
#4563=CARTESIAN_POINT('',(58.4122867597285,53.75,87.5));
#4564=CARTESIAN_POINT('',(61.5877132402715,53.75,87.5));
#4565=CARTESIAN_POINT('',(61.75,51.,87.5));
#4566=CARTESIAN_POINT('Origin',(60.,51.,87.5));
#4567=CARTESIAN_POINT('Origin',(63.2622366783944,50.9784241759575,82.5));
#4568=CARTESIAN_POINT('',(58.4122867597285,53.75,82.5));
#4569=CARTESIAN_POINT('',(61.5877132402715,53.75,82.5));
#4570=CARTESIAN_POINT('',(56.824573519457,51.,82.5));
#4571=CARTESIAN_POINT('',(58.4122867597285,53.75,82.5));
#4572=CARTESIAN_POINT('',(58.4122867597285,48.25,82.5));
#4573=CARTESIAN_POINT('',(56.824573519457,51.,82.5));
#4574=CARTESIAN_POINT('',(60.,48.25,82.5));
#4575=CARTESIAN_POINT('',(58.4122867597285,48.25,82.5));
#4576=CARTESIAN_POINT('',(60.,48.25,82.5));
#4577=CARTESIAN_POINT('Origin',(60.,48.25,84.5));
#4578=CARTESIAN_POINT('',(60.,48.25,84.5));
#4579=CARTESIAN_POINT('Origin',(58.4122867597285,48.25,84.5));
#4580=CARTESIAN_POINT('',(58.4122867597285,48.25,84.5));
#4581=CARTESIAN_POINT('Origin',(56.824573519457,51.,84.5));
#4582=CARTESIAN_POINT('',(56.824573519457,51.,84.5));
#4583=CARTESIAN_POINT('Origin',(58.4122867597285,53.75,84.5));
#4584=CARTESIAN_POINT('',(58.4122867597285,53.75,84.5));
#4585=CARTESIAN_POINT('Origin',(60.,53.75,84.5));
#4586=CARTESIAN_POINT('Origin',(-69.4968872944776,24.2313742901181,84.5));
#4587=CARTESIAN_POINT('',(-60.,26.25,87.5));
#4588=CARTESIAN_POINT('',(-60.,26.25,87.5));
#4589=CARTESIAN_POINT('',(-60.,26.25,82.5));
#4590=CARTESIAN_POINT('',(-60.,26.25,84.5));
#4591=CARTESIAN_POINT('',(-60.,26.25,82.5));
#4592=CARTESIAN_POINT('Origin',(-63.2622366783944,29.0215758240425,87.5));
#4593=CARTESIAN_POINT('',(-60.,31.75,87.5));
#4594=CARTESIAN_POINT('',(-60.,31.75,87.5));
#4595=CARTESIAN_POINT('',(-58.4122867597285,31.75,87.5));
#4596=CARTESIAN_POINT('',(-58.4122867597285,31.75,87.5));
#4597=CARTESIAN_POINT('',(-56.8245735194571,29.,87.5));
#4598=CARTESIAN_POINT('',(-56.8245735194571,29.,87.5));
#4599=CARTESIAN_POINT('',(-58.4122867597285,26.25,87.5));
#4600=CARTESIAN_POINT('',(-58.4122867597285,26.25,87.5));
#4601=CARTESIAN_POINT('',(-61.5877132402715,26.25,87.5));
#4602=CARTESIAN_POINT('',(-58.25,29.,87.5));
#4603=CARTESIAN_POINT('Origin',(-60.,29.,87.5));
#4604=CARTESIAN_POINT('Origin',(-63.2622366783944,29.0215758240425,82.5));
#4605=CARTESIAN_POINT('',(-58.4122867597285,26.25,82.5));
#4606=CARTESIAN_POINT('',(-61.5877132402715,26.25,82.5));
#4607=CARTESIAN_POINT('',(-56.8245735194571,29.,82.5));
#4608=CARTESIAN_POINT('',(-58.4122867597285,26.25,82.5));
#4609=CARTESIAN_POINT('',(-58.4122867597285,31.75,82.5));
#4610=CARTESIAN_POINT('',(-56.8245735194571,29.,82.5));
#4611=CARTESIAN_POINT('',(-60.,31.75,82.5));
#4612=CARTESIAN_POINT('',(-58.4122867597285,31.75,82.5));
#4613=CARTESIAN_POINT('',(-60.,31.75,82.5));
#4614=CARTESIAN_POINT('Origin',(-60.,31.75,84.5));
#4615=CARTESIAN_POINT('',(-60.,31.75,84.5));
#4616=CARTESIAN_POINT('Origin',(-58.4122867597285,31.75,84.5));
#4617=CARTESIAN_POINT('',(-58.4122867597285,31.75,84.5));
#4618=CARTESIAN_POINT('Origin',(-56.8245735194571,29.,84.5));
#4619=CARTESIAN_POINT('',(-56.8245735194571,29.,84.5));
#4620=CARTESIAN_POINT('Origin',(-58.4122867597285,26.25,84.5));
#4621=CARTESIAN_POINT('',(-58.4122867597285,26.25,84.5));
#4622=CARTESIAN_POINT('Origin',(-60.,26.25,84.5));
#4623=CARTESIAN_POINT('Origin',(-63.2622366783944,51.0215758240425,82.5));
#4624=CARTESIAN_POINT('',(-60.,48.25,82.5));
#4625=CARTESIAN_POINT('',(-60.,48.25,82.5));
#4626=CARTESIAN_POINT('',(-58.4122867597285,48.25,82.5));
#4627=CARTESIAN_POINT('',(-61.5877132402715,48.25,82.5));
#4628=CARTESIAN_POINT('',(-56.8245735194571,51.,82.5));
#4629=CARTESIAN_POINT('',(-58.4122867597285,48.25,82.5));
#4630=CARTESIAN_POINT('',(-58.4122867597285,53.75,82.5));
#4631=CARTESIAN_POINT('',(-56.8245735194571,51.,82.5));
#4632=CARTESIAN_POINT('',(-60.,53.75,82.5));
#4633=CARTESIAN_POINT('',(-58.4122867597285,53.75,82.5));
#4634=CARTESIAN_POINT('',(-60.,53.75,82.5));
#4635=CARTESIAN_POINT('Origin',(-60.,53.75,84.5));
#4636=CARTESIAN_POINT('',(-60.,53.75,87.5));
#4637=CARTESIAN_POINT('',(-60.,53.75,84.5));
#4638=CARTESIAN_POINT('',(-60.,53.75,87.5));
#4639=CARTESIAN_POINT('Origin',(-69.4968872944776,46.2313742901181,84.5));
#4640=CARTESIAN_POINT('',(-60.,48.25,87.5));
#4641=CARTESIAN_POINT('',(-60.,48.25,87.5));
#4642=CARTESIAN_POINT('',(-60.,48.25,84.5));
#4643=CARTESIAN_POINT('Origin',(-69.4968872944776,48.25,84.5));
#4644=CARTESIAN_POINT('',(-58.4122867597285,48.25,87.5));
#4645=CARTESIAN_POINT('',(-60.,48.25,87.5));
#4646=CARTESIAN_POINT('',(-58.4122867597285,48.25,84.5));
#4647=CARTESIAN_POINT('Origin',(-58.4122867597285,53.75,84.5));
#4648=CARTESIAN_POINT('',(-58.4122867597285,53.75,87.5));
#4649=CARTESIAN_POINT('',(-58.4122867597285,53.75,84.5));
#4650=CARTESIAN_POINT('',(-58.4122867597285,53.75,87.5));
#4651=CARTESIAN_POINT('Origin',(-63.1607304069673,51.,87.5));
#4652=CARTESIAN_POINT('',(-56.8245735194571,51.,87.5));
#4653=CARTESIAN_POINT('',(-56.8245735194571,51.,87.5));
#4654=CARTESIAN_POINT('',(-58.4122867597285,48.25,87.5));
#4655=CARTESIAN_POINT('',(-58.25,51.,87.5));
#4656=CARTESIAN_POINT('Origin',(-60.,51.,87.5));
#4657=CARTESIAN_POINT('Origin',(-56.8245735194571,51.,84.5));
#4658=CARTESIAN_POINT('',(-56.8245735194571,51.,84.5));
#4659=CARTESIAN_POINT('Origin',(-58.4122867597285,48.25,84.5));
#4660=CARTESIAN_POINT('Origin',(60.,29.,95.5));
#4661=CARTESIAN_POINT('',(61.75,29.,90.5));
#4662=CARTESIAN_POINT('Origin',(60.,29.,90.5));
#4663=CARTESIAN_POINT('',(61.75,29.,95.5));
#4664=CARTESIAN_POINT('Origin',(-60.,29.,95.5));
#4665=CARTESIAN_POINT('',(-58.25,29.,90.5));
#4666=CARTESIAN_POINT('Origin',(-60.,29.,90.5));
#4667=CARTESIAN_POINT('',(-58.25,29.,95.5));
#4668=CARTESIAN_POINT('Origin',(60.,51.,95.5));
#4669=CARTESIAN_POINT('',(61.75,51.,90.5));
#4670=CARTESIAN_POINT('Origin',(60.,51.,90.5));
#4671=CARTESIAN_POINT('',(61.75,51.,95.5));
#4672=CARTESIAN_POINT('Origin',(-60.,51.,95.5));
#4673=CARTESIAN_POINT('',(-58.25,51.,90.5));
#4674=CARTESIAN_POINT('Origin',(-60.,51.,90.5));
#4675=CARTESIAN_POINT('',(-58.25,51.,95.5));
#4676=CARTESIAN_POINT('Origin',(21.15,56.,15.));
#4677=CARTESIAN_POINT('',(-21.15,56.,15.));
#4678=CARTESIAN_POINT('',(21.15,56.,15.));
#4679=CARTESIAN_POINT('Origin',(21.15,56.,5.00000000000002));
#4680=CARTESIAN_POINT('Origin',(-21.15,56.,15.));
#4681=CARTESIAN_POINT('Origin',(-55.,46.,90.5));
#4682=CARTESIAN_POINT('',(-55.,24.,90.5));
#4683=CARTESIAN_POINT('',(-55.,56.,90.5));
#4684=CARTESIAN_POINT('',(-55.,24.,90.5));
#4685=CARTESIAN_POINT('Origin',(55.,24.,90.5));
#4686=CARTESIAN_POINT('',(55.,24.,90.5));
#4687=CARTESIAN_POINT('',(55.,24.,90.5));
#4688=CARTESIAN_POINT('',(55.,24.,90.5));
#4689=CARTESIAN_POINT('Origin',(-55.,24.,90.5));
#4690=CARTESIAN_POINT('',(-55.,24.,90.5));
#4691=CARTESIAN_POINT('',(65.,24.,1.77635683940025E-14));
#4692=CARTESIAN_POINT('',(65.,24.,90.5));
#4693=CARTESIAN_POINT('Origin',(0.,40.,1.77635683940025E-14));
#4694=CARTESIAN_POINT('Origin',(0.,40.,90.5));
#4695=UNCERTAINTY_MEASURE_WITH_UNIT(LENGTH_MEASURE(0.01),#4699,
'DISTANCE_ACCURACY_VALUE',
'Maximum model space distance between geometric entities at asserted c
onnectivities');
#4696=UNCERTAINTY_MEASURE_WITH_UNIT(LENGTH_MEASURE(0.01),#4699,
'DISTANCE_ACCURACY_VALUE',
'Maximum model space distance between geometric entities at asserted c
onnectivities');
#4697=(
GEOMETRIC_REPRESENTATION_CONTEXT(3)
GLOBAL_UNCERTAINTY_ASSIGNED_CONTEXT((#4695))
GLOBAL_UNIT_ASSIGNED_CONTEXT((#4699,#4700,#4701))
REPRESENTATION_CONTEXT('','3D')
);
#4698=(
GEOMETRIC_REPRESENTATION_CONTEXT(3)
GLOBAL_UNCERTAINTY_ASSIGNED_CONTEXT((#4696))
GLOBAL_UNIT_ASSIGNED_CONTEXT((#4699,#4700,#4701))
REPRESENTATION_CONTEXT('','3D')
);
#4699=(
LENGTH_UNIT()
NAMED_UNIT(*)
SI_UNIT(.MILLI.,.METRE.)
);
#4700=(
NAMED_UNIT(*)
PLANE_ANGLE_UNIT()
SI_UNIT($,.RADIAN.)
);
#4701=(
NAMED_UNIT(*)
SI_UNIT($,.STERADIAN.)
SOLID_ANGLE_UNIT()
);
#4702=SHAPE_DEFINITION_REPRESENTATION(#4703,#4704);
#4703=PRODUCT_DEFINITION_SHAPE('',$,#4706);
#4704=SHAPE_REPRESENTATION('',(#2750),#4697);
#4705=PRODUCT_DEFINITION_CONTEXT('part definition',#4710,'design');
#4706=PRODUCT_DEFINITION('electronics box','electronics box',#4707,#4705);
#4707=PRODUCT_DEFINITION_FORMATION('',$,#4712);
#4708=PRODUCT_RELATED_PRODUCT_CATEGORY('electronics box',
'electronics box',(#4712));
#4709=APPLICATION_PROTOCOL_DEFINITION('international standard',
'automotive_design',2009,#4710);
#4710=APPLICATION_CONTEXT(
'Core Data for Automotive Mechanical Design Process');
#4711=PRODUCT_CONTEXT('part definition',#4710,'mechanical');
#4712=PRODUCT('electronics box','electronics box',$,(#4711));
#4713=PRESENTATION_STYLE_ASSIGNMENT((#4714));
#4714=SURFACE_STYLE_USAGE(.BOTH.,#4715);
#4715=SURFACE_SIDE_STYLE('',(#4716));
#4716=SURFACE_STYLE_FILL_AREA(#4717);
#4717=FILL_AREA_STYLE('Steel - Satin',(#4718));
#4718=FILL_AREA_STYLE_COLOUR('Steel - Satin',#4719);
#4719=COLOUR_RGB('Steel - Satin',0.627450980392157,0.627450980392157,0.627450980392157);
ENDSEC;
END-ISO-10303-21;
